Volume,SourcePlateBarcode,SourcePlateWell,DestinationPlateBarcode,DestinationPlateWell,ComponentName,dest_col,dest_idx,dest_is_reagent,dest_name,dest_pipette_idx,dest_plate_size,dest_row,dest_well_fixed,level,src_col,src_idx,src_is_input,src_is_reagent,src_pipette_idx,src_plate_size,src_row,src_well_fixed
20.8,MastermixTrough,A2,MAON-pcr1-2,A1,mm,0,0,False,2_13&19_b,0,96,0,,0,1,8,False,True,0,96,0,
19.3,MastermixTrough,B2,MAON-pcr1-2,B1,mm,0,1,False,2_13&20_b,0,96,1,,0,1,9,False,True,0,96,1,
20.8,MastermixTrough,C2,MAON-pcr1-2,C1,mm,0,2,False,2_14&15_b,0,96,2,,0,1,10,False,True,0,96,2,
20.8,MastermixTrough,D2,MAON-pcr1-2,D1,mm,0,3,False,2_14&16_b,0,96,3,,0,1,11,False,True,0,96,3,
20.8,MastermixTrough,E2,MAON-pcr1-2,E1,mm,0,4,False,2_14&17_b,0,96,4,,0,1,12,False,True,0,96,4,
20.8,MastermixTrough,F2,MAON-pcr1-2,F1,mm,0,5,False,2_14&18_b,0,96,5,,0,1,13,False,True,0,96,5,
20.8,MastermixTrough,G2,MAON-pcr1-2,G1,mm,0,6,False,2_14&19_b,0,96,6,,0,1,14,False,True,0,96,6,
19.3,MastermixTrough,H2,MAON-pcr1-2,H1,mm,0,7,False,2_14&20_b,0,96,7,,0,1,15,False,True,0,96,7,
20.8,MastermixTrough,A2,MAON-pcr1-2,A2,mm,1,8,False,2_15&16_b,0,96,0,,0,1,8,False,True,0,96,0,
20.8,MastermixTrough,B2,MAON-pcr1-2,B2,mm,1,9,False,2_15&17_b,0,96,1,,0,1,9,False,True,0,96,1,
20.8,MastermixTrough,C2,MAON-pcr1-2,C2,mm,1,10,False,2_15&18_b,0,96,2,,0,1,10,False,True,0,96,2,
20.8,MastermixTrough,D2,MAON-pcr1-2,D2,mm,1,11,False,2_15&19_b,0,96,3,,0,1,11,False,True,0,96,3,
19.3,MastermixTrough,E2,MAON-pcr1-2,E2,mm,1,12,False,2_15&20_b,0,96,4,,0,1,12,False,True,0,96,4,
20.8,MastermixTrough,F2,MAON-pcr1-2,F2,mm,1,13,False,2_16&17_b,0,96,5,,0,1,13,False,True,0,96,5,
20.8,MastermixTrough,G2,MAON-pcr1-2,G2,mm,1,14,False,2_16&18_b,0,96,6,,0,1,14,False,True,0,96,6,
20.8,MastermixTrough,H2,MAON-pcr1-2,H2,mm,1,15,False,2_16&19_b,0,96,7,,0,1,15,False,True,0,96,7,
19.3,MastermixTrough,A2,MAON-pcr1-2,A3,mm,2,16,False,2_16&20_b,0,96,0,,0,1,8,False,True,0,96,0,
20.8,MastermixTrough,B2,MAON-pcr1-2,B3,mm,2,17,False,2_17&18_b,0,96,1,,0,1,9,False,True,0,96,1,
20.8,MastermixTrough,C2,MAON-pcr1-2,C3,mm,2,18,False,2_17&19_b,0,96,2,,0,1,10,False,True,0,96,2,
19.3,MastermixTrough,D2,MAON-pcr1-2,D3,mm,2,19,False,2_17&20_b,0,96,3,,0,1,11,False,True,0,96,3,
20.8,MastermixTrough,E2,MAON-pcr1-2,E3,mm,2,20,False,2_18&19_b,0,96,4,,0,1,12,False,True,0,96,4,
19.3,MastermixTrough,F2,MAON-pcr1-2,F3,mm,2,21,False,2_18&20_b,0,96,5,,0,1,13,False,True,0,96,5,
19.3,MastermixTrough,G2,MAON-pcr1-2,G3,mm,2,22,False,2_19&20_b,0,96,6,,0,1,14,False,True,0,96,6,
19.3,MastermixTrough,H2,MAON-pcr1-2,H3,mm,2,23,False,3_21&22_b,0,96,7,,0,1,15,False,True,0,96,7,
19.3,MastermixTrough,A2,MAON-pcr1-2,A4,mm,3,24,False,3_21&23_b,0,96,0,,0,1,8,False,True,0,96,0,
19.3,MastermixTrough,B2,MAON-pcr1-2,B4,mm,3,25,False,3_21&24_b,0,96,1,,0,1,9,False,True,0,96,1,
19.3,MastermixTrough,C2,MAON-pcr1-2,C4,mm,3,26,False,3_21&25_b,0,96,2,,0,1,10,False,True,0,96,2,
19.3,MastermixTrough,D2,MAON-pcr1-2,D4,mm,3,27,False,3_21&26_b,0,96,3,,0,1,11,False,True,0,96,3,
20.8,MastermixTrough,E2,MAON-pcr1-2,E4,mm,3,28,False,3_22&23_b,0,96,4,,0,1,12,False,True,0,96,4,
20.8,MastermixTrough,F2,MAON-pcr1-2,F4,mm,3,29,False,3_22&24_b,0,96,5,,0,1,13,False,True,0,96,5,
20.8,MastermixTrough,G2,MAON-pcr1-2,G4,mm,3,30,False,3_22&25_b,0,96,6,,0,1,14,False,True,0,96,6,
20.8,MastermixTrough,H2,MAON-pcr1-2,H4,mm,3,31,False,3_22&26_b,0,96,7,,0,1,15,False,True,0,96,7,
20.8,MastermixTrough,A2,MAON-pcr1-2,A5,mm,4,32,False,3_23&24_b,0,96,0,,0,1,8,False,True,0,96,0,
20.8,MastermixTrough,B2,MAON-pcr1-2,B5,mm,4,33,False,3_23&25_b,0,96,1,,0,1,9,False,True,0,96,1,
20.8,MastermixTrough,C2,MAON-pcr1-2,C5,mm,4,34,False,3_23&26_b,0,96,2,,0,1,10,False,True,0,96,2,
20.8,MastermixTrough,D2,MAON-pcr1-2,D5,mm,4,35,False,3_24&25_b,0,96,3,,0,1,11,False,True,0,96,3,
20.8,MastermixTrough,E2,MAON-pcr1-2,E5,mm,4,36,False,3_24&26_b,0,96,4,,0,1,12,False,True,0,96,4,
20.8,MastermixTrough,F2,MAON-pcr1-2,F5,mm,4,37,False,3_25&26_b,0,96,5,,0,1,13,False,True,0,96,5,
3.0,MAON-mut-pl,D3,MAON-pcr1-2,B1,20m,0,1,False,2_13&20_b,0,96,1,,0,2,19,True,False,0,96,3,
3.0,MAON-mut-pl,E3,MAON-pcr1-2,H3,21m,2,23,False,3_21&22_b,0,96,7,,0,2,20,True,False,0,96,4,
3.0,MAON-mut-pl,D3,MAON-pcr1-2,H1,20m,0,7,False,2_14&20_b,0,96,7,,0,2,19,True,False,0,96,3,
3.0,MAON-mut-pl,E3,MAON-pcr1-2,A4,21m,3,24,False,3_21&23_b,0,96,0,,0,2,20,True,False,0,96,4,
3.0,MAON-mut-pl,D3,MAON-pcr1-2,E2,20m,1,12,False,2_15&20_b,0,96,4,,0,2,19,True,False,0,96,3,
3.0,MAON-mut-pl,E3,MAON-pcr1-2,B4,21m,3,25,False,3_21&24_b,0,96,1,,0,2,20,True,False,0,96,4,
3.0,MAON-mut-pl,D3,MAON-pcr1-2,A3,20m,2,16,False,2_16&20_b,0,96,0,,0,2,19,True,False,0,96,3,
3.0,MAON-mut-pl,E3,MAON-pcr1-2,C4,21m,3,26,False,3_21&25_b,0,96,2,,0,2,20,True,False,0,96,4,
3.0,MAON-mut-pl,D3,MAON-pcr1-2,D3,20m,2,19,False,2_17&20_b,0,96,3,,0,2,19,True,False,0,96,3,
3.0,MAON-mut-pl,E3,MAON-pcr1-2,D4,21m,3,27,False,3_21&26_b,0,96,3,,0,2,20,True,False,0,96,4,
3.0,MAON-mut-pl,D3,MAON-pcr1-2,F3,20m,2,21,False,2_18&20_b,0,96,5,,0,2,19,True,False,0,96,3,
3.0,MAON-mut-pl,D3,MAON-pcr1-2,G3,20m,2,22,False,2_19&20_b,0,96,6,,0,2,19,True,False,0,96,3,
1.2,MAON-templ-2,A1,MAON-pcr1-2,A1,2_13&19_ib,0,0,False,2_13&19_b,0,96,0,,0,0,0,True,False,0,96,0,
1.2,MAON-templ-2,B1,MAON-pcr1-2,B1,2_13&20_ib,0,1,False,2_13&20_b,0,96,1,,0,0,1,True,False,0,96,1,
1.2,MAON-templ-2,C1,MAON-pcr1-2,C1,2_14&15_ib,0,2,False,2_14&15_b,0,96,2,,0,0,2,True,False,0,96,2,
1.2,MAON-templ-2,D1,MAON-pcr1-2,D1,2_14&16_ib,0,3,False,2_14&16_b,0,96,3,,0,0,3,True,False,0,96,3,
1.2,MAON-templ-2,E1,MAON-pcr1-2,E1,2_14&17_ib,0,4,False,2_14&17_b,0,96,4,,0,0,4,True,False,0,96,4,
1.2,MAON-templ-2,F1,MAON-pcr1-2,F1,2_14&18_ib,0,5,False,2_14&18_b,0,96,5,,0,0,5,True,False,0,96,5,
1.2,MAON-templ-2,G1,MAON-pcr1-2,G1,2_14&19_ib,0,6,False,2_14&19_b,0,96,6,,0,0,6,True,False,0,96,6,
1.2,MAON-templ-2,H1,MAON-pcr1-2,H1,2_14&20_ib,0,7,False,2_14&20_b,0,96,7,,0,0,7,True,False,0,96,7,
1.2,MAON-templ-2,A2,MAON-pcr1-2,A2,2_15&16_ib,1,8,False,2_15&16_b,0,96,0,,0,1,8,True,False,0,96,0,
1.2,MAON-templ-2,B2,MAON-pcr1-2,B2,2_15&17_ib,1,9,False,2_15&17_b,0,96,1,,0,1,9,True,False,0,96,1,
1.2,MAON-templ-2,C2,MAON-pcr1-2,C2,2_15&18_ib,1,10,False,2_15&18_b,0,96,2,,0,1,10,True,False,0,96,2,
1.2,MAON-templ-2,D2,MAON-pcr1-2,D2,2_15&19_ib,1,11,False,2_15&19_b,0,96,3,,0,1,11,True,False,0,96,3,
1.2,MAON-templ-2,E2,MAON-pcr1-2,E2,2_15&20_ib,1,12,False,2_15&20_b,0,96,4,,0,1,12,True,False,0,96,4,
1.2,MAON-templ-2,F2,MAON-pcr1-2,F2,2_16&17_ib,1,13,False,2_16&17_b,0,96,5,,0,1,13,True,False,0,96,5,
1.2,MAON-templ-2,G2,MAON-pcr1-2,G2,2_16&18_ib,1,14,False,2_16&18_b,0,96,6,,0,1,14,True,False,0,96,6,
1.2,MAON-templ-2,H2,MAON-pcr1-2,H2,2_16&19_ib,1,15,False,2_16&19_b,0,96,7,,0,1,15,True,False,0,96,7,
1.2,MAON-templ-2,A3,MAON-pcr1-2,A3,2_16&20_ib,2,16,False,2_16&20_b,0,96,0,,0,2,16,True,False,0,96,0,
1.2,MAON-templ-2,B3,MAON-pcr1-2,B3,2_17&18_ib,2,17,False,2_17&18_b,0,96,1,,0,2,17,True,False,0,96,1,
1.2,MAON-templ-2,C3,MAON-pcr1-2,C3,2_17&19_ib,2,18,False,2_17&19_b,0,96,2,,0,2,18,True,False,0,96,2,
1.2,MAON-templ-2,D3,MAON-pcr1-2,D3,2_17&20_ib,2,19,False,2_17&20_b,0,96,3,,0,2,19,True,False,0,96,3,
1.2,MAON-templ-2,E3,MAON-pcr1-2,E3,2_18&19_ib,2,20,False,2_18&19_b,0,96,4,,0,2,20,True,False,0,96,4,
1.2,MAON-templ-2,F3,MAON-pcr1-2,F3,2_18&20_ib,2,21,False,2_18&20_b,0,96,5,,0,2,21,True,False,0,96,5,
1.2,MAON-templ-2,G3,MAON-pcr1-2,G3,2_19&20_ib,2,22,False,2_19&20_b,0,96,6,,0,2,22,True,False,0,96,6,
1.2,MAON-templ-2,H3,MAON-pcr1-2,H3,3_21&22_ib,2,23,False,3_21&22_b,0,96,7,,0,2,23,True,False,0,96,7,
1.2,MAON-templ-2,A4,MAON-pcr1-2,A4,3_21&23_ib,3,24,False,3_21&23_b,0,96,0,,0,3,24,True,False,0,96,0,
1.2,MAON-templ-2,B4,MAON-pcr1-2,B4,3_21&24_ib,3,25,False,3_21&24_b,0,96,1,,0,3,25,True,False,0,96,1,
1.2,MAON-templ-2,C4,MAON-pcr1-2,C4,3_21&25_ib,3,26,False,3_21&25_b,0,96,2,,0,3,26,True,False,0,96,2,
1.2,MAON-templ-2,D4,MAON-pcr1-2,D4,3_21&26_ib,3,27,False,3_21&26_b,0,96,3,,0,3,27,True,False,0,96,3,
1.2,MAON-templ-2,E4,MAON-pcr1-2,E4,3_22&23_ib,3,28,False,3_22&23_b,0,96,4,,0,3,28,True,False,0,96,4,
1.2,MAON-templ-2,F4,MAON-pcr1-2,F4,3_22&24_ib,3,29,False,3_22&24_b,0,96,5,,0,3,29,True,False,0,96,5,
1.2,MAON-templ-2,G4,MAON-pcr1-2,G4,3_22&25_ib,3,30,False,3_22&25_b,0,96,6,,0,3,30,True,False,0,96,6,
1.2,MAON-templ-2,H4,MAON-pcr1-2,H4,3_22&26_ib,3,31,False,3_22&26_b,0,96,7,,0,3,31,True,False,0,96,7,
1.2,MAON-templ-2,A5,MAON-pcr1-2,A5,3_23&24_ib,4,32,False,3_23&24_b,0,96,0,,0,4,32,True,False,0,96,0,
1.2,MAON-templ-2,B5,MAON-pcr1-2,B5,3_23&25_ib,4,33,False,3_23&25_b,0,96,1,,0,4,33,True,False,0,96,1,
1.2,MAON-templ-2,C5,MAON-pcr1-2,C5,3_23&26_ib,4,34,False,3_23&26_b,0,96,2,,0,4,34,True,False,0,96,2,
1.2,MAON-templ-2,D5,MAON-pcr1-2,D5,3_24&25_ib,4,35,False,3_24&25_b,0,96,3,,0,4,35,True,False,0,96,3,
1.2,MAON-templ-2,E5,MAON-pcr1-2,E5,3_24&26_ib,4,36,False,3_24&26_b,0,96,4,,0,4,36,True,False,0,96,4,
1.2,MAON-templ-2,F5,MAON-pcr1-2,F5,3_25&26_ib,4,37,False,3_25&26_b,0,96,5,,0,4,37,True,False,0,96,5,
1.5,MAON-wt-dil,C2,MAON-pcr1-2,A1,11_dil,0,0,False,2_13&19_b,0,96,0,,0,1,10,True,False,0,96,2,
1.5,MAON-wt-dil,D3,MAON-pcr1-2,A1,20_dil,0,0,False,2_13&19_b,0,96,0,,0,2,19,True,False,0,96,3,
1.5,MAON-wt-dil,E3,MAON-pcr1-2,E4,21_dil,3,28,False,3_22&23_b,0,96,4,,0,2,20,True,False,0,96,4,
1.5,MAON-wt-dil,D4,MAON-pcr1-2,H3,28_dil,2,23,False,3_21&22_b,0,96,7,,0,3,27,True,False,0,96,3,
1.5,MAON-wt-dil,C2,MAON-pcr1-2,B1,11_dil,0,1,False,2_13&20_b,0,96,1,,0,1,10,True,False,0,96,2,
1.5,MAON-wt-dil,D3,MAON-pcr1-2,C1,20_dil,0,2,False,2_14&15_b,0,96,2,,0,2,19,True,False,0,96,3,
1.5,MAON-wt-dil,E3,MAON-pcr1-2,F4,21_dil,3,29,False,3_22&24_b,0,96,5,,0,2,20,True,False,0,96,4,
1.5,MAON-wt-dil,D4,MAON-pcr1-2,A4,28_dil,3,24,False,3_21&23_b,0,96,0,,0,3,27,True,False,0,96,3,
1.5,MAON-wt-dil,C2,MAON-pcr1-2,C1,11_dil,0,2,False,2_14&15_b,0,96,2,,0,1,10,True,False,0,96,2,
1.5,MAON-wt-dil,D3,MAON-pcr1-2,D1,20_dil,0,3,False,2_14&16_b,0,96,3,,0,2,19,True,False,0,96,3,
1.5,MAON-wt-dil,E3,MAON-pcr1-2,G4,21_dil,3,30,False,3_22&25_b,0,96,6,,0,2,20,True,False,0,96,4,
1.5,MAON-wt-dil,D4,MAON-pcr1-2,B4,28_dil,3,25,False,3_21&24_b,0,96,1,,0,3,27,True,False,0,96,3,
1.5,MAON-wt-dil,C2,MAON-pcr1-2,D1,11_dil,0,3,False,2_14&16_b,0,96,3,,0,1,10,True,False,0,96,2,
1.5,MAON-wt-dil,D3,MAON-pcr1-2,E1,20_dil,0,4,False,2_14&17_b,0,96,4,,0,2,19,True,False,0,96,3,
1.5,MAON-wt-dil,E3,MAON-pcr1-2,H4,21_dil,3,31,False,3_22&26_b,0,96,7,,0,2,20,True,False,0,96,4,
1.5,MAON-wt-dil,D4,MAON-pcr1-2,C4,28_dil,3,26,False,3_21&25_b,0,96,2,,0,3,27,True,False,0,96,3,
1.5,MAON-wt-dil,C2,MAON-pcr1-2,E1,11_dil,0,4,False,2_14&17_b,0,96,4,,0,1,10,True,False,0,96,2,
1.5,MAON-wt-dil,D3,MAON-pcr1-2,F1,20_dil,0,5,False,2_14&18_b,0,96,5,,0,2,19,True,False,0,96,3,
1.5,MAON-wt-dil,E3,MAON-pcr1-2,A5,21_dil,4,32,False,3_23&24_b,0,96,0,,0,2,20,True,False,0,96,4,
1.5,MAON-wt-dil,D4,MAON-pcr1-2,D4,28_dil,3,27,False,3_21&26_b,0,96,3,,0,3,27,True,False,0,96,3,
1.5,MAON-wt-dil,C2,MAON-pcr1-2,F1,11_dil,0,5,False,2_14&18_b,0,96,5,,0,1,10,True,False,0,96,2,
1.5,MAON-wt-dil,D3,MAON-pcr1-2,G1,20_dil,0,6,False,2_14&19_b,0,96,6,,0,2,19,True,False,0,96,3,
1.5,MAON-wt-dil,E3,MAON-pcr1-2,B5,21_dil,4,33,False,3_23&25_b,0,96,1,,0,2,20,True,False,0,96,4,
1.5,MAON-wt-dil,D4,MAON-pcr1-2,E4,28_dil,3,28,False,3_22&23_b,0,96,4,,0,3,27,True,False,0,96,3,
1.5,MAON-wt-dil,C2,MAON-pcr1-2,G1,11_dil,0,6,False,2_14&19_b,0,96,6,,0,1,10,True,False,0,96,2,
1.5,MAON-wt-dil,D3,MAON-pcr1-2,A2,20_dil,1,8,False,2_15&16_b,0,96,0,,0,2,19,True,False,0,96,3,
1.5,MAON-wt-dil,E3,MAON-pcr1-2,C5,21_dil,4,34,False,3_23&26_b,0,96,2,,0,2,20,True,False,0,96,4,
1.5,MAON-wt-dil,D4,MAON-pcr1-2,F4,28_dil,3,29,False,3_22&24_b,0,96,5,,0,3,27,True,False,0,96,3,
1.5,MAON-wt-dil,C2,MAON-pcr1-2,H1,11_dil,0,7,False,2_14&20_b,0,96,7,,0,1,10,True,False,0,96,2,
1.5,MAON-wt-dil,D3,MAON-pcr1-2,B2,20_dil,1,9,False,2_15&17_b,0,96,1,,0,2,19,True,False,0,96,3,
1.5,MAON-wt-dil,E3,MAON-pcr1-2,D5,21_dil,4,35,False,3_24&25_b,0,96,3,,0,2,20,True,False,0,96,4,
1.5,MAON-wt-dil,D4,MAON-pcr1-2,G4,28_dil,3,30,False,3_22&25_b,0,96,6,,0,3,27,True,False,0,96,3,
1.5,MAON-wt-dil,C2,MAON-pcr1-2,A2,11_dil,1,8,False,2_15&16_b,0,96,0,,0,1,10,True,False,0,96,2,
1.5,MAON-wt-dil,D3,MAON-pcr1-2,C2,20_dil,1,10,False,2_15&18_b,0,96,2,,0,2,19,True,False,0,96,3,
1.5,MAON-wt-dil,E3,MAON-pcr1-2,E5,21_dil,4,36,False,3_24&26_b,0,96,4,,0,2,20,True,False,0,96,4,
1.5,MAON-wt-dil,D4,MAON-pcr1-2,H4,28_dil,3,31,False,3_22&26_b,0,96,7,,0,3,27,True,False,0,96,3,
1.5,MAON-wt-dil,C2,MAON-pcr1-2,B2,11_dil,1,9,False,2_15&17_b,0,96,1,,0,1,10,True,False,0,96,2,
1.5,MAON-wt-dil,D3,MAON-pcr1-2,D2,20_dil,1,11,False,2_15&19_b,0,96,3,,0,2,19,True,False,0,96,3,
1.5,MAON-wt-dil,E3,MAON-pcr1-2,F5,21_dil,4,37,False,3_25&26_b,0,96,5,,0,2,20,True,False,0,96,4,
1.5,MAON-wt-dil,D4,MAON-pcr1-2,A5,28_dil,4,32,False,3_23&24_b,0,96,0,,0,3,27,True,False,0,96,3,
1.5,MAON-wt-dil,C2,MAON-pcr1-2,C2,11_dil,1,10,False,2_15&18_b,0,96,2,,0,1,10,True,False,0,96,2,
1.5,MAON-wt-dil,D3,MAON-pcr1-2,F2,20_dil,1,13,False,2_16&17_b,0,96,5,,0,2,19,True,False,0,96,3,
1.5,MAON-wt-dil,D4,MAON-pcr1-2,B5,28_dil,4,33,False,3_23&25_b,0,96,1,,0,3,27,True,False,0,96,3,
1.5,MAON-wt-dil,C2,MAON-pcr1-2,D2,11_dil,1,11,False,2_15&19_b,0,96,3,,0,1,10,True,False,0,96,2,
1.5,MAON-wt-dil,D3,MAON-pcr1-2,G2,20_dil,1,14,False,2_16&18_b,0,96,6,,0,2,19,True,False,0,96,3,
1.5,MAON-wt-dil,D4,MAON-pcr1-2,C5,28_dil,4,34,False,3_23&26_b,0,96,2,,0,3,27,True,False,0,96,3,
1.5,MAON-wt-dil,C2,MAON-pcr1-2,E2,11_dil,1,12,False,2_15&20_b,0,96,4,,0,1,10,True,False,0,96,2,
1.5,MAON-wt-dil,D3,MAON-pcr1-2,H2,20_dil,1,15,False,2_16&19_b,0,96,7,,0,2,19,True,False,0,96,3,
1.5,MAON-wt-dil,D4,MAON-pcr1-2,D5,28_dil,4,35,False,3_24&25_b,0,96,3,,0,3,27,True,False,0,96,3,
1.5,MAON-wt-dil,C2,MAON-pcr1-2,F2,11_dil,1,13,False,2_16&17_b,0,96,5,,0,1,10,True,False,0,96,2,
1.5,MAON-wt-dil,D3,MAON-pcr1-2,B3,20_dil,2,17,False,2_17&18_b,0,96,1,,0,2,19,True,False,0,96,3,
1.5,MAON-wt-dil,D4,MAON-pcr1-2,E5,28_dil,4,36,False,3_24&26_b,0,96,4,,0,3,27,True,False,0,96,3,
1.5,MAON-wt-dil,C2,MAON-pcr1-2,G2,11_dil,1,14,False,2_16&18_b,0,96,6,,0,1,10,True,False,0,96,2,
1.5,MAON-wt-dil,D3,MAON-pcr1-2,C3,20_dil,2,18,False,2_17&19_b,0,96,2,,0,2,19,True,False,0,96,3,
1.5,MAON-wt-dil,D4,MAON-pcr1-2,F5,28_dil,4,37,False,3_25&26_b,0,96,5,,0,3,27,True,False,0,96,3,
1.5,MAON-wt-dil,C2,MAON-pcr1-2,H2,11_dil,1,15,False,2_16&19_b,0,96,7,,0,1,10,True,False,0,96,2,
1.5,MAON-wt-dil,D3,MAON-pcr1-2,E3,20_dil,2,20,False,2_18&19_b,0,96,4,,0,2,19,True,False,0,96,3,
1.5,MAON-wt-dil,C2,MAON-pcr1-2,A3,11_dil,2,16,False,2_16&20_b,0,96,0,,0,1,10,True,False,0,96,2,
1.5,MAON-wt-dil,C2,MAON-pcr1-2,B3,11_dil,2,17,False,2_17&18_b,0,96,1,,0,1,10,True,False,0,96,2,
1.5,MAON-wt-dil,C2,MAON-pcr1-2,C3,11_dil,2,18,False,2_17&19_b,0,96,2,,0,1,10,True,False,0,96,2,
1.5,MAON-wt-dil,C2,MAON-pcr1-2,D3,11_dil,2,19,False,2_17&20_b,0,96,3,,0,1,10,True,False,0,96,2,
1.5,MAON-wt-dil,C2,MAON-pcr1-2,E3,11_dil,2,20,False,2_18&19_b,0,96,4,,0,1,10,True,False,0,96,2,
1.5,MAON-wt-dil,C2,MAON-pcr1-2,F3,11_dil,2,21,False,2_18&20_b,0,96,5,,0,1,10,True,False,0,96,2,
1.5,MAON-wt-dil,C2,MAON-pcr1-2,G3,11_dil,2,22,False,2_19&20_b,0,96,6,,0,1,10,True,False,0,96,2,
