Volume,SourcePlateBarcode,SourcePlateWell,DestinationPlateBarcode,DestinationPlateWell,ComponentName,dest_col,dest_idx,dest_is_reagent,dest_name,dest_pipette_idx,dest_plate_size,dest_row,dest_well_fixed,level,src_col,src_idx,src_is_input,src_is_reagent,src_pipette_idx,src_plate_size,src_row,src_well_fixed
20.8,MastermixTrough,A2,MAON-pcr1,A1,mm,0,0,False,1_wt_b,0,96,0,,0,1,8,False,True,0,96,0,
20.8,MastermixTrough,B2,MAON-pcr1,B1,mm,0,1,False,2_wt_b,0,96,1,,0,1,9,False,True,0,96,1,
20.8,MastermixTrough,C2,MAON-pcr1,C1,mm,0,2,False,3_wt_b,0,96,2,,0,1,10,False,True,0,96,2,
19.3,MastermixTrough,D2,MAON-pcr1,D1,mm,0,3,False,1_1_b,0,96,3,,0,1,11,False,True,0,96,3,
20.8,MastermixTrough,E2,MAON-pcr1,E1,mm,0,4,False,1_2_b,0,96,4,,0,1,12,False,True,0,96,4,
20.8,MastermixTrough,F2,MAON-pcr1,F1,mm,0,5,False,1_3_b,0,96,5,,0,1,13,False,True,0,96,5,
20.8,MastermixTrough,G2,MAON-pcr1,G1,mm,0,6,False,1_4_b,0,96,6,,0,1,14,False,True,0,96,6,
20.8,MastermixTrough,H2,MAON-pcr1,H1,mm,0,7,False,1_5_b,0,96,7,,0,1,15,False,True,0,96,7,
20.8,MastermixTrough,A2,MAON-pcr1,A2,mm,1,8,False,1_6_b,0,96,0,,0,1,8,False,True,0,96,0,
20.8,MastermixTrough,B2,MAON-pcr1,B2,mm,1,9,False,1_7_b,0,96,1,,0,1,9,False,True,0,96,1,
20.8,MastermixTrough,C2,MAON-pcr1,C2,mm,1,10,False,1_8_b,0,96,2,,0,1,10,False,True,0,96,2,
20.8,MastermixTrough,D2,MAON-pcr1,D2,mm,1,11,False,1_9_b,0,96,3,,0,1,11,False,True,0,96,3,
19.3,MastermixTrough,E2,MAON-pcr1,E2,mm,1,12,False,1_10_b,0,96,4,,0,1,12,False,True,0,96,4,
19.3,MastermixTrough,F2,MAON-pcr1,F2,mm,1,13,False,2_11_b,0,96,5,,0,1,13,False,True,0,96,5,
20.8,MastermixTrough,G2,MAON-pcr1,G2,mm,1,14,False,2_12_b,0,96,6,,0,1,14,False,True,0,96,6,
20.8,MastermixTrough,H2,MAON-pcr1,H2,mm,1,15,False,2_13_b,0,96,7,,0,1,15,False,True,0,96,7,
20.8,MastermixTrough,A2,MAON-pcr1,A3,mm,2,16,False,2_14_b,0,96,0,,0,1,8,False,True,0,96,0,
20.8,MastermixTrough,B2,MAON-pcr1,B3,mm,2,17,False,2_15_b,0,96,1,,0,1,9,False,True,0,96,1,
20.8,MastermixTrough,C2,MAON-pcr1,C3,mm,2,18,False,2_16_b,0,96,2,,0,1,10,False,True,0,96,2,
20.8,MastermixTrough,D2,MAON-pcr1,D3,mm,2,19,False,2_17_b,0,96,3,,0,1,11,False,True,0,96,3,
20.8,MastermixTrough,E2,MAON-pcr1,E3,mm,2,20,False,2_18_b,0,96,4,,0,1,12,False,True,0,96,4,
20.8,MastermixTrough,F2,MAON-pcr1,F3,mm,2,21,False,2_19_b,0,96,5,,0,1,13,False,True,0,96,5,
19.3,MastermixTrough,G2,MAON-pcr1,G3,mm,2,22,False,2_20_b,0,96,6,,0,1,14,False,True,0,96,6,
19.3,MastermixTrough,H2,MAON-pcr1,H3,mm,2,23,False,3_21_b,0,96,7,,0,1,15,False,True,0,96,7,
20.8,MastermixTrough,A2,MAON-pcr1,A4,mm,3,24,False,3_22_b,0,96,0,,0,1,8,False,True,0,96,0,
20.8,MastermixTrough,B2,MAON-pcr1,B4,mm,3,25,False,3_23_b,0,96,1,,0,1,9,False,True,0,96,1,
20.8,MastermixTrough,C2,MAON-pcr1,C4,mm,3,26,False,3_24_b,0,96,2,,0,1,10,False,True,0,96,2,
20.8,MastermixTrough,D2,MAON-pcr1,D4,mm,3,27,False,3_25_b,0,96,3,,0,1,11,False,True,0,96,3,
20.8,MastermixTrough,E2,MAON-pcr1,E4,mm,3,28,False,3_26_b,0,96,4,,0,1,12,False,True,0,96,4,
19.3,MastermixTrough,F2,MAON-pcr1,F4,mm,3,29,False,1_1&2_b,0,96,5,,0,1,13,False,True,0,96,5,
19.3,MastermixTrough,G2,MAON-pcr1,G4,mm,3,30,False,1_1&3_b,0,96,6,,0,1,14,False,True,0,96,6,
19.3,MastermixTrough,H2,MAON-pcr1,H4,mm,3,31,False,1_1&4_b,0,96,7,,0,1,15,False,True,0,96,7,
19.3,MastermixTrough,A2,MAON-pcr1,A5,mm,4,32,False,1_1&5_b,0,96,0,,0,1,8,False,True,0,96,0,
19.3,MastermixTrough,B2,MAON-pcr1,B5,mm,4,33,False,1_1&6_b,0,96,1,,0,1,9,False,True,0,96,1,
19.3,MastermixTrough,C2,MAON-pcr1,C5,mm,4,34,False,1_1&7_b,0,96,2,,0,1,10,False,True,0,96,2,
19.3,MastermixTrough,D2,MAON-pcr1,D5,mm,4,35,False,1_1&8_b,0,96,3,,0,1,11,False,True,0,96,3,
19.3,MastermixTrough,E2,MAON-pcr1,E5,mm,4,36,False,1_1&9_b,0,96,4,,0,1,12,False,True,0,96,4,
17.8,MastermixTrough,F2,MAON-pcr1,F5,mm,4,37,False,1_1&10_b,0,96,5,,0,1,13,False,True,0,96,5,
20.8,MastermixTrough,G2,MAON-pcr1,G5,mm,4,38,False,1_2&3_b,0,96,6,,0,1,14,False,True,0,96,6,
20.8,MastermixTrough,H2,MAON-pcr1,H5,mm,4,39,False,1_2&4_b,0,96,7,,0,1,15,False,True,0,96,7,
20.8,MastermixTrough,A2,MAON-pcr1,A6,mm,5,40,False,1_2&5_b,0,96,0,,0,1,8,False,True,0,96,0,
20.8,MastermixTrough,B2,MAON-pcr1,B6,mm,5,41,False,1_2&6_b,0,96,1,,0,1,9,False,True,0,96,1,
20.8,MastermixTrough,C2,MAON-pcr1,C6,mm,5,42,False,1_2&7_b,0,96,2,,0,1,10,False,True,0,96,2,
20.8,MastermixTrough,D2,MAON-pcr1,D6,mm,5,43,False,1_2&8_b,0,96,3,,0,1,11,False,True,0,96,3,
20.8,MastermixTrough,E2,MAON-pcr1,E6,mm,5,44,False,1_2&9_b,0,96,4,,0,1,12,False,True,0,96,4,
19.3,MastermixTrough,F2,MAON-pcr1,F6,mm,5,45,False,1_2&10_b,0,96,5,,0,1,13,False,True,0,96,5,
20.8,MastermixTrough,G2,MAON-pcr1,G6,mm,5,46,False,1_3&4_b,0,96,6,,0,1,14,False,True,0,96,6,
20.8,MastermixTrough,H2,MAON-pcr1,H6,mm,5,47,False,1_3&5_b,0,96,7,,0,1,15,False,True,0,96,7,
20.8,MastermixTrough,A2,MAON-pcr1,A7,mm,6,48,False,1_3&6_b,0,96,0,,0,1,8,False,True,0,96,0,
20.8,MastermixTrough,B2,MAON-pcr1,B7,mm,6,49,False,1_3&7_b,0,96,1,,0,1,9,False,True,0,96,1,
20.8,MastermixTrough,C2,MAON-pcr1,C7,mm,6,50,False,1_3&8_b,0,96,2,,0,1,10,False,True,0,96,2,
20.8,MastermixTrough,D2,MAON-pcr1,D7,mm,6,51,False,1_3&9_b,0,96,3,,0,1,11,False,True,0,96,3,
19.3,MastermixTrough,E2,MAON-pcr1,E7,mm,6,52,False,1_3&10_b,0,96,4,,0,1,12,False,True,0,96,4,
20.8,MastermixTrough,F2,MAON-pcr1,F7,mm,6,53,False,1_4&5_b,0,96,5,,0,1,13,False,True,0,96,5,
20.8,MastermixTrough,G2,MAON-pcr1,G7,mm,6,54,False,1_4&6_b,0,96,6,,0,1,14,False,True,0,96,6,
20.8,MastermixTrough,H2,MAON-pcr1,H7,mm,6,55,False,1_4&7_b,0,96,7,,0,1,15,False,True,0,96,7,
20.8,MastermixTrough,A2,MAON-pcr1,A8,mm,7,56,False,1_4&8_b,0,96,0,,0,1,8,False,True,0,96,0,
20.8,MastermixTrough,B2,MAON-pcr1,B8,mm,7,57,False,1_4&9_b,0,96,1,,0,1,9,False,True,0,96,1,
19.3,MastermixTrough,C2,MAON-pcr1,C8,mm,7,58,False,1_4&10_b,0,96,2,,0,1,10,False,True,0,96,2,
20.8,MastermixTrough,D2,MAON-pcr1,D8,mm,7,59,False,1_5&6_b,0,96,3,,0,1,11,False,True,0,96,3,
20.8,MastermixTrough,E2,MAON-pcr1,E8,mm,7,60,False,1_5&7_b,0,96,4,,0,1,12,False,True,0,96,4,
20.8,MastermixTrough,F2,MAON-pcr1,F8,mm,7,61,False,1_5&8_b,0,96,5,,0,1,13,False,True,0,96,5,
20.8,MastermixTrough,G2,MAON-pcr1,G8,mm,7,62,False,1_5&9_b,0,96,6,,0,1,14,False,True,0,96,6,
19.3,MastermixTrough,H2,MAON-pcr1,H8,mm,7,63,False,1_5&10_b,0,96,7,,0,1,15,False,True,0,96,7,
20.8,MastermixTrough,A2,MAON-pcr1,A9,mm,8,64,False,1_6&7_b,0,96,0,,0,1,8,False,True,0,96,0,
20.8,MastermixTrough,B2,MAON-pcr1,B9,mm,8,65,False,1_6&8_b,0,96,1,,0,1,9,False,True,0,96,1,
20.8,MastermixTrough,C2,MAON-pcr1,C9,mm,8,66,False,1_6&9_b,0,96,2,,0,1,10,False,True,0,96,2,
19.3,MastermixTrough,D2,MAON-pcr1,D9,mm,8,67,False,1_6&10_b,0,96,3,,0,1,11,False,True,0,96,3,
20.8,MastermixTrough,E2,MAON-pcr1,E9,mm,8,68,False,1_7&8_b,0,96,4,,0,1,12,False,True,0,96,4,
20.8,MastermixTrough,F2,MAON-pcr1,F9,mm,8,69,False,1_7&9_b,0,96,5,,0,1,13,False,True,0,96,5,
19.3,MastermixTrough,G2,MAON-pcr1,G9,mm,8,70,False,1_7&10_b,0,96,6,,0,1,14,False,True,0,96,6,
20.8,MastermixTrough,H2,MAON-pcr1,H9,mm,8,71,False,1_8&9_b,0,96,7,,0,1,15,False,True,0,96,7,
19.3,MastermixTrough,A2,MAON-pcr1,A10,mm,9,72,False,1_8&10_b,0,96,0,,0,1,8,False,True,0,96,0,
19.3,MastermixTrough,B2,MAON-pcr1,B10,mm,9,73,False,1_9&10_b,0,96,1,,0,1,9,False,True,0,96,1,
19.3,MastermixTrough,C2,MAON-pcr1,C10,mm,9,74,False,2_11&12_b,0,96,2,,0,1,10,False,True,0,96,2,
19.3,MastermixTrough,D2,MAON-pcr1,D10,mm,9,75,False,2_11&13_b,0,96,3,,0,1,11,False,True,0,96,3,
19.3,MastermixTrough,E2,MAON-pcr1,E10,mm,9,76,False,2_11&14_b,0,96,4,,0,1,12,False,True,0,96,4,
19.3,MastermixTrough,F2,MAON-pcr1,F10,mm,9,77,False,2_11&15_b,0,96,5,,0,1,13,False,True,0,96,5,
19.3,MastermixTrough,G2,MAON-pcr1,G10,mm,9,78,False,2_11&16_b,0,96,6,,0,1,14,False,True,0,96,6,
19.3,MastermixTrough,H2,MAON-pcr1,H10,mm,9,79,False,2_11&17_b,0,96,7,,0,1,15,False,True,0,96,7,
19.3,MastermixTrough,A2,MAON-pcr1,A11,mm,10,80,False,2_11&18_b,0,96,0,,0,1,8,False,True,0,96,0,
19.3,MastermixTrough,B2,MAON-pcr1,B11,mm,10,81,False,2_11&19_b,0,96,1,,0,1,9,False,True,0,96,1,
17.8,MastermixTrough,C2,MAON-pcr1,C11,mm,10,82,False,2_11&20_b,0,96,2,,0,1,10,False,True,0,96,2,
20.8,MastermixTrough,D2,MAON-pcr1,D11,mm,10,83,False,2_12&13_b,0,96,3,,0,1,11,False,True,0,96,3,
20.8,MastermixTrough,E2,MAON-pcr1,E11,mm,10,84,False,2_12&14_b,0,96,4,,0,1,12,False,True,0,96,4,
20.8,MastermixTrough,F2,MAON-pcr1,F11,mm,10,85,False,2_12&15_b,0,96,5,,0,1,13,False,True,0,96,5,
20.8,MastermixTrough,G2,MAON-pcr1,G11,mm,10,86,False,2_12&16_b,0,96,6,,0,1,14,False,True,0,96,6,
20.8,MastermixTrough,H2,MAON-pcr1,H11,mm,10,87,False,2_12&17_b,0,96,7,,0,1,15,False,True,0,96,7,
20.8,MastermixTrough,A2,MAON-pcr1,A12,mm,11,88,False,2_12&18_b,0,96,0,,0,1,8,False,True,0,96,0,
20.8,MastermixTrough,B2,MAON-pcr1,B12,mm,11,89,False,2_12&19_b,0,96,1,,0,1,9,False,True,0,96,1,
19.3,MastermixTrough,C2,MAON-pcr1,C12,mm,11,90,False,2_12&20_b,0,96,2,,0,1,10,False,True,0,96,2,
20.8,MastermixTrough,D2,MAON-pcr1,D12,mm,11,91,False,2_13&14_b,0,96,3,,0,1,11,False,True,0,96,3,
20.8,MastermixTrough,E2,MAON-pcr1,E12,mm,11,92,False,2_13&15_b,0,96,4,,0,1,12,False,True,0,96,4,
20.8,MastermixTrough,F2,MAON-pcr1,F12,mm,11,93,False,2_13&16_b,0,96,5,,0,1,13,False,True,0,96,5,
20.8,MastermixTrough,G2,MAON-pcr1,G12,mm,11,94,False,2_13&17_b,0,96,6,,0,1,14,False,True,0,96,6,
20.8,MastermixTrough,H2,MAON-pcr1,H12,mm,11,95,False,2_13&18_b,0,96,7,,0,1,15,False,True,0,96,7,
3.0,MAON-mut-pl,A1,MAON-pcr1,D1,1m,0,3,False,1_1_b,0,96,3,,0,0,0,True,False,0,96,0,
3.0,MAON-mut-pl,B2,MAON-pcr1,E2,10m,1,12,False,1_10_b,0,96,4,,0,1,9,True,False,0,96,1,
3.0,MAON-mut-pl,C2,MAON-pcr1,F2,11m,1,13,False,2_11_b,0,96,5,,0,1,10,True,False,0,96,2,
3.0,MAON-mut-pl,D3,MAON-pcr1,G3,20m,2,22,False,2_20_b,0,96,6,,0,2,19,True,False,0,96,3,
3.0,MAON-mut-pl,E3,MAON-pcr1,H3,21m,2,23,False,3_21_b,0,96,7,,0,2,20,True,False,0,96,4,
3.0,MAON-mut-pl,A1,MAON-pcr1,F4,1m,3,29,False,1_1&2_b,0,96,5,,0,0,0,True,False,0,96,0,
3.0,MAON-mut-pl,B2,MAON-pcr1,F5,10m,4,37,False,1_1&10_b,0,96,5,,0,1,9,True,False,0,96,1,
3.0,MAON-mut-pl,C2,MAON-pcr1,C10,11m,9,74,False,2_11&12_b,0,96,2,,0,1,10,True,False,0,96,2,
3.0,MAON-mut-pl,D3,MAON-pcr1,C11,20m,10,82,False,2_11&20_b,0,96,2,,0,2,19,True,False,0,96,3,
3.0,MAON-mut-pl,A1,MAON-pcr1,G4,1m,3,30,False,1_1&3_b,0,96,6,,0,0,0,True,False,0,96,0,
3.0,MAON-mut-pl,B2,MAON-pcr1,F6,10m,5,45,False,1_2&10_b,0,96,5,,0,1,9,True,False,0,96,1,
3.0,MAON-mut-pl,C2,MAON-pcr1,D10,11m,9,75,False,2_11&13_b,0,96,3,,0,1,10,True,False,0,96,2,
3.0,MAON-mut-pl,D3,MAON-pcr1,C12,20m,11,90,False,2_12&20_b,0,96,2,,0,2,19,True,False,0,96,3,
3.0,MAON-mut-pl,A1,MAON-pcr1,H4,1m,3,31,False,1_1&4_b,0,96,7,,0,0,0,True,False,0,96,0,
3.0,MAON-mut-pl,B2,MAON-pcr1,E7,10m,6,52,False,1_3&10_b,0,96,4,,0,1,9,True,False,0,96,1,
3.0,MAON-mut-pl,C2,MAON-pcr1,E10,11m,9,76,False,2_11&14_b,0,96,4,,0,1,10,True,False,0,96,2,
3.0,MAON-mut-pl,A1,MAON-pcr1,A5,1m,4,32,False,1_1&5_b,0,96,0,,0,0,0,True,False,0,96,0,
3.0,MAON-mut-pl,B2,MAON-pcr1,C8,10m,7,58,False,1_4&10_b,0,96,2,,0,1,9,True,False,0,96,1,
3.0,MAON-mut-pl,C2,MAON-pcr1,F10,11m,9,77,False,2_11&15_b,0,96,5,,0,1,10,True,False,0,96,2,
3.0,MAON-mut-pl,A1,MAON-pcr1,B5,1m,4,33,False,1_1&6_b,0,96,1,,0,0,0,True,False,0,96,0,
3.0,MAON-mut-pl,B2,MAON-pcr1,H8,10m,7,63,False,1_5&10_b,0,96,7,,0,1,9,True,False,0,96,1,
3.0,MAON-mut-pl,C2,MAON-pcr1,G10,11m,9,78,False,2_11&16_b,0,96,6,,0,1,10,True,False,0,96,2,
3.0,MAON-mut-pl,A1,MAON-pcr1,C5,1m,4,34,False,1_1&7_b,0,96,2,,0,0,0,True,False,0,96,0,
3.0,MAON-mut-pl,B2,MAON-pcr1,D9,10m,8,67,False,1_6&10_b,0,96,3,,0,1,9,True,False,0,96,1,
3.0,MAON-mut-pl,C2,MAON-pcr1,H10,11m,9,79,False,2_11&17_b,0,96,7,,0,1,10,True,False,0,96,2,
3.0,MAON-mut-pl,A1,MAON-pcr1,D5,1m,4,35,False,1_1&8_b,0,96,3,,0,0,0,True,False,0,96,0,
3.0,MAON-mut-pl,B2,MAON-pcr1,G9,10m,8,70,False,1_7&10_b,0,96,6,,0,1,9,True,False,0,96,1,
3.0,MAON-mut-pl,C2,MAON-pcr1,A11,11m,10,80,False,2_11&18_b,0,96,0,,0,1,10,True,False,0,96,2,
3.0,MAON-mut-pl,A1,MAON-pcr1,E5,1m,4,36,False,1_1&9_b,0,96,4,,0,0,0,True,False,0,96,0,
3.0,MAON-mut-pl,B2,MAON-pcr1,A10,10m,9,72,False,1_8&10_b,0,96,0,,0,1,9,True,False,0,96,1,
3.0,MAON-mut-pl,C2,MAON-pcr1,B11,11m,10,81,False,2_11&19_b,0,96,1,,0,1,10,True,False,0,96,2,
3.0,MAON-mut-pl,A1,MAON-pcr1,F5,1m,4,37,False,1_1&10_b,0,96,5,,0,0,0,True,False,0,96,0,
3.0,MAON-mut-pl,B2,MAON-pcr1,B10,10m,9,73,False,1_9&10_b,0,96,1,,0,1,9,True,False,0,96,1,
3.0,MAON-mut-pl,C2,MAON-pcr1,C11,11m,10,82,False,2_11&20_b,0,96,2,,0,1,10,True,False,0,96,2,
1.2,MAON-templ,A1,MAON-pcr1,A1,1_wt_ib,0,0,False,1_wt_b,0,96,0,,0,0,0,True,False,0,96,0,
1.2,MAON-templ,B1,MAON-pcr1,B1,2_wt_ib,0,1,False,2_wt_b,0,96,1,,0,0,1,True,False,0,96,1,
1.2,MAON-templ,C1,MAON-pcr1,C1,3_wt_ib,0,2,False,3_wt_b,0,96,2,,0,0,2,True,False,0,96,2,
1.2,MAON-templ,D1,MAON-pcr1,D1,1_1_ib,0,3,False,1_1_b,0,96,3,,0,0,3,True,False,0,96,3,
1.2,MAON-templ,E1,MAON-pcr1,E1,1_2_ib,0,4,False,1_2_b,0,96,4,,0,0,4,True,False,0,96,4,
1.2,MAON-templ,F1,MAON-pcr1,F1,1_3_ib,0,5,False,1_3_b,0,96,5,,0,0,5,True,False,0,96,5,
1.2,MAON-templ,G1,MAON-pcr1,G1,1_4_ib,0,6,False,1_4_b,0,96,6,,0,0,6,True,False,0,96,6,
1.2,MAON-templ,H1,MAON-pcr1,H1,1_5_ib,0,7,False,1_5_b,0,96,7,,0,0,7,True,False,0,96,7,
1.2,MAON-templ,A2,MAON-pcr1,A2,1_6_ib,1,8,False,1_6_b,0,96,0,,0,1,8,True,False,0,96,0,
1.2,MAON-templ,B2,MAON-pcr1,B2,1_7_ib,1,9,False,1_7_b,0,96,1,,0,1,9,True,False,0,96,1,
1.2,MAON-templ,C2,MAON-pcr1,C2,1_8_ib,1,10,False,1_8_b,0,96,2,,0,1,10,True,False,0,96,2,
1.2,MAON-templ,D2,MAON-pcr1,D2,1_9_ib,1,11,False,1_9_b,0,96,3,,0,1,11,True,False,0,96,3,
1.2,MAON-templ,E2,MAON-pcr1,E2,1_10_ib,1,12,False,1_10_b,0,96,4,,0,1,12,True,False,0,96,4,
1.2,MAON-templ,F2,MAON-pcr1,F2,2_11_ib,1,13,False,2_11_b,0,96,5,,0,1,13,True,False,0,96,5,
1.2,MAON-templ,G2,MAON-pcr1,G2,2_12_ib,1,14,False,2_12_b,0,96,6,,0,1,14,True,False,0,96,6,
1.2,MAON-templ,H2,MAON-pcr1,H2,2_13_ib,1,15,False,2_13_b,0,96,7,,0,1,15,True,False,0,96,7,
1.2,MAON-templ,A3,MAON-pcr1,A3,2_14_ib,2,16,False,2_14_b,0,96,0,,0,2,16,True,False,0,96,0,
1.2,MAON-templ,B3,MAON-pcr1,B3,2_15_ib,2,17,False,2_15_b,0,96,1,,0,2,17,True,False,0,96,1,
1.2,MAON-templ,C3,MAON-pcr1,C3,2_16_ib,2,18,False,2_16_b,0,96,2,,0,2,18,True,False,0,96,2,
1.2,MAON-templ,D3,MAON-pcr1,D3,2_17_ib,2,19,False,2_17_b,0,96,3,,0,2,19,True,False,0,96,3,
1.2,MAON-templ,E3,MAON-pcr1,E3,2_18_ib,2,20,False,2_18_b,0,96,4,,0,2,20,True,False,0,96,4,
1.2,MAON-templ,F3,MAON-pcr1,F3,2_19_ib,2,21,False,2_19_b,0,96,5,,0,2,21,True,False,0,96,5,
1.2,MAON-templ,G3,MAON-pcr1,G3,2_20_ib,2,22,False,2_20_b,0,96,6,,0,2,22,True,False,0,96,6,
1.2,MAON-templ,H3,MAON-pcr1,H3,3_21_ib,2,23,False,3_21_b,0,96,7,,0,2,23,True,False,0,96,7,
1.2,MAON-templ,A4,MAON-pcr1,A4,3_22_ib,3,24,False,3_22_b,0,96,0,,0,3,24,True,False,0,96,0,
1.2,MAON-templ,B4,MAON-pcr1,B4,3_23_ib,3,25,False,3_23_b,0,96,1,,0,3,25,True,False,0,96,1,
1.2,MAON-templ,C4,MAON-pcr1,C4,3_24_ib,3,26,False,3_24_b,0,96,2,,0,3,26,True,False,0,96,2,
1.2,MAON-templ,D4,MAON-pcr1,D4,3_25_ib,3,27,False,3_25_b,0,96,3,,0,3,27,True,False,0,96,3,
1.2,MAON-templ,E4,MAON-pcr1,E4,3_26_ib,3,28,False,3_26_b,0,96,4,,0,3,28,True,False,0,96,4,
1.2,MAON-templ,F4,MAON-pcr1,F4,1_1&2_ib,3,29,False,1_1&2_b,0,96,5,,0,3,29,True,False,0,96,5,
1.2,MAON-templ,G4,MAON-pcr1,G4,1_1&3_ib,3,30,False,1_1&3_b,0,96,6,,0,3,30,True,False,0,96,6,
1.2,MAON-templ,H4,MAON-pcr1,H4,1_1&4_ib,3,31,False,1_1&4_b,0,96,7,,0,3,31,True,False,0,96,7,
1.2,MAON-templ,A5,MAON-pcr1,A5,1_1&5_ib,4,32,False,1_1&5_b,0,96,0,,0,4,32,True,False,0,96,0,
1.2,MAON-templ,B5,MAON-pcr1,B5,1_1&6_ib,4,33,False,1_1&6_b,0,96,1,,0,4,33,True,False,0,96,1,
1.2,MAON-templ,C5,MAON-pcr1,C5,1_1&7_ib,4,34,False,1_1&7_b,0,96,2,,0,4,34,True,False,0,96,2,
1.2,MAON-templ,D5,MAON-pcr1,D5,1_1&8_ib,4,35,False,1_1&8_b,0,96,3,,0,4,35,True,False,0,96,3,
1.2,MAON-templ,E5,MAON-pcr1,E5,1_1&9_ib,4,36,False,1_1&9_b,0,96,4,,0,4,36,True,False,0,96,4,
1.2,MAON-templ,F5,MAON-pcr1,F5,1_1&10_ib,4,37,False,1_1&10_b,0,96,5,,0,4,37,True,False,0,96,5,
1.2,MAON-templ,G5,MAON-pcr1,G5,1_2&3_ib,4,38,False,1_2&3_b,0,96,6,,0,4,38,True,False,0,96,6,
1.2,MAON-templ,H5,MAON-pcr1,H5,1_2&4_ib,4,39,False,1_2&4_b,0,96,7,,0,4,39,True,False,0,96,7,
1.2,MAON-templ,A6,MAON-pcr1,A6,1_2&5_ib,5,40,False,1_2&5_b,0,96,0,,0,5,40,True,False,0,96,0,
1.2,MAON-templ,B6,MAON-pcr1,B6,1_2&6_ib,5,41,False,1_2&6_b,0,96,1,,0,5,41,True,False,0,96,1,
1.2,MAON-templ,C6,MAON-pcr1,C6,1_2&7_ib,5,42,False,1_2&7_b,0,96,2,,0,5,42,True,False,0,96,2,
1.2,MAON-templ,D6,MAON-pcr1,D6,1_2&8_ib,5,43,False,1_2&8_b,0,96,3,,0,5,43,True,False,0,96,3,
1.2,MAON-templ,E6,MAON-pcr1,E6,1_2&9_ib,5,44,False,1_2&9_b,0,96,4,,0,5,44,True,False,0,96,4,
1.2,MAON-templ,F6,MAON-pcr1,F6,1_2&10_ib,5,45,False,1_2&10_b,0,96,5,,0,5,45,True,False,0,96,5,
1.2,MAON-templ,G6,MAON-pcr1,G6,1_3&4_ib,5,46,False,1_3&4_b,0,96,6,,0,5,46,True,False,0,96,6,
1.2,MAON-templ,H6,MAON-pcr1,H6,1_3&5_ib,5,47,False,1_3&5_b,0,96,7,,0,5,47,True,False,0,96,7,
1.2,MAON-templ,A7,MAON-pcr1,A7,1_3&6_ib,6,48,False,1_3&6_b,0,96,0,,0,6,48,True,False,0,96,0,
1.2,MAON-templ,B7,MAON-pcr1,B7,1_3&7_ib,6,49,False,1_3&7_b,0,96,1,,0,6,49,True,False,0,96,1,
1.2,MAON-templ,C7,MAON-pcr1,C7,1_3&8_ib,6,50,False,1_3&8_b,0,96,2,,0,6,50,True,False,0,96,2,
1.2,MAON-templ,D7,MAON-pcr1,D7,1_3&9_ib,6,51,False,1_3&9_b,0,96,3,,0,6,51,True,False,0,96,3,
1.2,MAON-templ,E7,MAON-pcr1,E7,1_3&10_ib,6,52,False,1_3&10_b,0,96,4,,0,6,52,True,False,0,96,4,
1.2,MAON-templ,F7,MAON-pcr1,F7,1_4&5_ib,6,53,False,1_4&5_b,0,96,5,,0,6,53,True,False,0,96,5,
1.2,MAON-templ,G7,MAON-pcr1,G7,1_4&6_ib,6,54,False,1_4&6_b,0,96,6,,0,6,54,True,False,0,96,6,
1.2,MAON-templ,H7,MAON-pcr1,H7,1_4&7_ib,6,55,False,1_4&7_b,0,96,7,,0,6,55,True,False,0,96,7,
1.2,MAON-templ,A8,MAON-pcr1,A8,1_4&8_ib,7,56,False,1_4&8_b,0,96,0,,0,7,56,True,False,0,96,0,
1.2,MAON-templ,B8,MAON-pcr1,B8,1_4&9_ib,7,57,False,1_4&9_b,0,96,1,,0,7,57,True,False,0,96,1,
1.2,MAON-templ,C8,MAON-pcr1,C8,1_4&10_ib,7,58,False,1_4&10_b,0,96,2,,0,7,58,True,False,0,96,2,
1.2,MAON-templ,D8,MAON-pcr1,D8,1_5&6_ib,7,59,False,1_5&6_b,0,96,3,,0,7,59,True,False,0,96,3,
1.2,MAON-templ,E8,MAON-pcr1,E8,1_5&7_ib,7,60,False,1_5&7_b,0,96,4,,0,7,60,True,False,0,96,4,
1.2,MAON-templ,F8,MAON-pcr1,F8,1_5&8_ib,7,61,False,1_5&8_b,0,96,5,,0,7,61,True,False,0,96,5,
1.2,MAON-templ,G8,MAON-pcr1,G8,1_5&9_ib,7,62,False,1_5&9_b,0,96,6,,0,7,62,True,False,0,96,6,
1.2,MAON-templ,H8,MAON-pcr1,H8,1_5&10_ib,7,63,False,1_5&10_b,0,96,7,,0,7,63,True,False,0,96,7,
1.2,MAON-templ,A9,MAON-pcr1,A9,1_6&7_ib,8,64,False,1_6&7_b,0,96,0,,0,8,64,True,False,0,96,0,
1.2,MAON-templ,B9,MAON-pcr1,B9,1_6&8_ib,8,65,False,1_6&8_b,0,96,1,,0,8,65,True,False,0,96,1,
1.2,MAON-templ,C9,MAON-pcr1,C9,1_6&9_ib,8,66,False,1_6&9_b,0,96,2,,0,8,66,True,False,0,96,2,
1.2,MAON-templ,D9,MAON-pcr1,D9,1_6&10_ib,8,67,False,1_6&10_b,0,96,3,,0,8,67,True,False,0,96,3,
1.2,MAON-templ,E9,MAON-pcr1,E9,1_7&8_ib,8,68,False,1_7&8_b,0,96,4,,0,8,68,True,False,0,96,4,
1.2,MAON-templ,F9,MAON-pcr1,F9,1_7&9_ib,8,69,False,1_7&9_b,0,96,5,,0,8,69,True,False,0,96,5,
1.2,MAON-templ,G9,MAON-pcr1,G9,1_7&10_ib,8,70,False,1_7&10_b,0,96,6,,0,8,70,True,False,0,96,6,
1.2,MAON-templ,H9,MAON-pcr1,H9,1_8&9_ib,8,71,False,1_8&9_b,0,96,7,,0,8,71,True,False,0,96,7,
1.2,MAON-templ,A10,MAON-pcr1,A10,1_8&10_ib,9,72,False,1_8&10_b,0,96,0,,0,9,72,True,False,0,96,0,
1.2,MAON-templ,B10,MAON-pcr1,B10,1_9&10_ib,9,73,False,1_9&10_b,0,96,1,,0,9,73,True,False,0,96,1,
1.2,MAON-templ,C10,MAON-pcr1,C10,2_11&12_ib,9,74,False,2_11&12_b,0,96,2,,0,9,74,True,False,0,96,2,
1.2,MAON-templ,D10,MAON-pcr1,D10,2_11&13_ib,9,75,False,2_11&13_b,0,96,3,,0,9,75,True,False,0,96,3,
1.2,MAON-templ,E10,MAON-pcr1,E10,2_11&14_ib,9,76,False,2_11&14_b,0,96,4,,0,9,76,True,False,0,96,4,
1.2,MAON-templ,F10,MAON-pcr1,F10,2_11&15_ib,9,77,False,2_11&15_b,0,96,5,,0,9,77,True,False,0,96,5,
1.2,MAON-templ,G10,MAON-pcr1,G10,2_11&16_ib,9,78,False,2_11&16_b,0,96,6,,0,9,78,True,False,0,96,6,
1.2,MAON-templ,H10,MAON-pcr1,H10,2_11&17_ib,9,79,False,2_11&17_b,0,96,7,,0,9,79,True,False,0,96,7,
1.2,MAON-templ,A11,MAON-pcr1,A11,2_11&18_ib,10,80,False,2_11&18_b,0,96,0,,0,10,80,True,False,0,96,0,
1.2,MAON-templ,B11,MAON-pcr1,B11,2_11&19_ib,10,81,False,2_11&19_b,0,96,1,,0,10,81,True,False,0,96,1,
1.2,MAON-templ,C11,MAON-pcr1,C11,2_11&20_ib,10,82,False,2_11&20_b,0,96,2,,0,10,82,True,False,0,96,2,
1.2,MAON-templ,D11,MAON-pcr1,D11,2_12&13_ib,10,83,False,2_12&13_b,0,96,3,,0,10,83,True,False,0,96,3,
1.2,MAON-templ,E11,MAON-pcr1,E11,2_12&14_ib,10,84,False,2_12&14_b,0,96,4,,0,10,84,True,False,0,96,4,
1.2,MAON-templ,F11,MAON-pcr1,F11,2_12&15_ib,10,85,False,2_12&15_b,0,96,5,,0,10,85,True,False,0,96,5,
1.2,MAON-templ,G11,MAON-pcr1,G11,2_12&16_ib,10,86,False,2_12&16_b,0,96,6,,0,10,86,True,False,0,96,6,
1.2,MAON-templ,H11,MAON-pcr1,H11,2_12&17_ib,10,87,False,2_12&17_b,0,96,7,,0,10,87,True,False,0,96,7,
1.2,MAON-templ,A12,MAON-pcr1,A12,2_12&18_ib,11,88,False,2_12&18_b,0,96,0,,0,11,88,True,False,0,96,0,
1.2,MAON-templ,B12,MAON-pcr1,B12,2_12&19_ib,11,89,False,2_12&19_b,0,96,1,,0,11,89,True,False,0,96,1,
1.2,MAON-templ,C12,MAON-pcr1,C12,2_12&20_ib,11,90,False,2_12&20_b,0,96,2,,0,11,90,True,False,0,96,2,
1.2,MAON-templ,D12,MAON-pcr1,D12,2_13&14_ib,11,91,False,2_13&14_b,0,96,3,,0,11,91,True,False,0,96,3,
1.2,MAON-templ,E12,MAON-pcr1,E12,2_13&15_ib,11,92,False,2_13&15_b,0,96,4,,0,11,92,True,False,0,96,4,
1.2,MAON-templ,F12,MAON-pcr1,F12,2_13&16_ib,11,93,False,2_13&16_b,0,96,5,,0,11,93,True,False,0,96,5,
1.2,MAON-templ,G12,MAON-pcr1,G12,2_13&17_ib,11,94,False,2_13&17_b,0,96,6,,0,11,94,True,False,0,96,6,
1.2,MAON-templ,H12,MAON-pcr1,H12,2_13&18_ib,11,95,False,2_13&18_b,0,96,7,,0,11,95,True,False,0,96,7,
1.5,MAON-wt-dil,A1,MAON-pcr1,A1,1_dil,0,0,False,1_wt_b,0,96,0,,0,0,0,True,False,0,96,0,
1.5,MAON-wt-dil,B2,MAON-pcr1,A1,10_dil,0,0,False,1_wt_b,0,96,0,,0,1,9,True,False,0,96,1,
1.5,MAON-wt-dil,C2,MAON-pcr1,B1,11_dil,0,1,False,2_wt_b,0,96,1,,0,1,10,True,False,0,96,2,
1.5,MAON-wt-dil,D3,MAON-pcr1,B1,20_dil,0,1,False,2_wt_b,0,96,1,,0,2,19,True,False,0,96,3,
1.5,MAON-wt-dil,E3,MAON-pcr1,C1,21_dil,0,2,False,3_wt_b,0,96,2,,0,2,20,True,False,0,96,4,
1.5,MAON-wt-dil,D4,MAON-pcr1,C1,28_dil,0,2,False,3_wt_b,0,96,2,,0,3,27,True,False,0,96,3,
1.5,MAON-wt-dil,A1,MAON-pcr1,E1,1_dil,0,4,False,1_2_b,0,96,4,,0,0,0,True,False,0,96,0,
1.5,MAON-wt-dil,B2,MAON-pcr1,D1,10_dil,0,3,False,1_1_b,0,96,3,,0,1,9,True,False,0,96,1,
1.5,MAON-wt-dil,C2,MAON-pcr1,G2,11_dil,1,14,False,2_12_b,0,96,6,,0,1,10,True,False,0,96,2,
1.5,MAON-wt-dil,D3,MAON-pcr1,F2,20_dil,1,13,False,2_11_b,0,96,5,,0,2,19,True,False,0,96,3,
1.5,MAON-wt-dil,E3,MAON-pcr1,A4,21_dil,3,24,False,3_22_b,0,96,0,,0,2,20,True,False,0,96,4,
1.5,MAON-wt-dil,D4,MAON-pcr1,H3,28_dil,2,23,False,3_21_b,0,96,7,,0,3,27,True,False,0,96,3,
1.5,MAON-wt-dil,A1,MAON-pcr1,F1,1_dil,0,5,False,1_3_b,0,96,5,,0,0,0,True,False,0,96,0,
1.5,MAON-wt-dil,B2,MAON-pcr1,E1,10_dil,0,4,False,1_2_b,0,96,4,,0,1,9,True,False,0,96,1,
1.5,MAON-wt-dil,C2,MAON-pcr1,H2,11_dil,1,15,False,2_13_b,0,96,7,,0,1,10,True,False,0,96,2,
1.5,MAON-wt-dil,D3,MAON-pcr1,G2,20_dil,1,14,False,2_12_b,0,96,6,,0,2,19,True,False,0,96,3,
1.5,MAON-wt-dil,E3,MAON-pcr1,B4,21_dil,3,25,False,3_23_b,0,96,1,,0,2,20,True,False,0,96,4,
1.5,MAON-wt-dil,D4,MAON-pcr1,A4,28_dil,3,24,False,3_22_b,0,96,0,,0,3,27,True,False,0,96,3,
1.5,MAON-wt-dil,A1,MAON-pcr1,G1,1_dil,0,6,False,1_4_b,0,96,6,,0,0,0,True,False,0,96,0,
1.5,MAON-wt-dil,B2,MAON-pcr1,F1,10_dil,0,5,False,1_3_b,0,96,5,,0,1,9,True,False,0,96,1,
1.5,MAON-wt-dil,C2,MAON-pcr1,A3,11_dil,2,16,False,2_14_b,0,96,0,,0,1,10,True,False,0,96,2,
1.5,MAON-wt-dil,D3,MAON-pcr1,H2,20_dil,1,15,False,2_13_b,0,96,7,,0,2,19,True,False,0,96,3,
1.5,MAON-wt-dil,E3,MAON-pcr1,C4,21_dil,3,26,False,3_24_b,0,96,2,,0,2,20,True,False,0,96,4,
1.5,MAON-wt-dil,D4,MAON-pcr1,B4,28_dil,3,25,False,3_23_b,0,96,1,,0,3,27,True,False,0,96,3,
1.5,MAON-wt-dil,A1,MAON-pcr1,H1,1_dil,0,7,False,1_5_b,0,96,7,,0,0,0,True,False,0,96,0,
1.5,MAON-wt-dil,B2,MAON-pcr1,G1,10_dil,0,6,False,1_4_b,0,96,6,,0,1,9,True,False,0,96,1,
1.5,MAON-wt-dil,C2,MAON-pcr1,B3,11_dil,2,17,False,2_15_b,0,96,1,,0,1,10,True,False,0,96,2,
1.5,MAON-wt-dil,D3,MAON-pcr1,A3,20_dil,2,16,False,2_14_b,0,96,0,,0,2,19,True,False,0,96,3,
1.5,MAON-wt-dil,E3,MAON-pcr1,D4,21_dil,3,27,False,3_25_b,0,96,3,,0,2,20,True,False,0,96,4,
1.5,MAON-wt-dil,D4,MAON-pcr1,C4,28_dil,3,26,False,3_24_b,0,96,2,,0,3,27,True,False,0,96,3,
1.5,MAON-wt-dil,A1,MAON-pcr1,A2,1_dil,1,8,False,1_6_b,0,96,0,,0,0,0,True,False,0,96,0,
1.5,MAON-wt-dil,B2,MAON-pcr1,H1,10_dil,0,7,False,1_5_b,0,96,7,,0,1,9,True,False,0,96,1,
1.5,MAON-wt-dil,C2,MAON-pcr1,C3,11_dil,2,18,False,2_16_b,0,96,2,,0,1,10,True,False,0,96,2,
1.5,MAON-wt-dil,D3,MAON-pcr1,B3,20_dil,2,17,False,2_15_b,0,96,1,,0,2,19,True,False,0,96,3,
1.5,MAON-wt-dil,E3,MAON-pcr1,E4,21_dil,3,28,False,3_26_b,0,96,4,,0,2,20,True,False,0,96,4,
1.5,MAON-wt-dil,D4,MAON-pcr1,D4,28_dil,3,27,False,3_25_b,0,96,3,,0,3,27,True,False,0,96,3,
1.5,MAON-wt-dil,A1,MAON-pcr1,B2,1_dil,1,9,False,1_7_b,0,96,1,,0,0,0,True,False,0,96,0,
1.5,MAON-wt-dil,B2,MAON-pcr1,A2,10_dil,1,8,False,1_6_b,0,96,0,,0,1,9,True,False,0,96,1,
1.5,MAON-wt-dil,C2,MAON-pcr1,D3,11_dil,2,19,False,2_17_b,0,96,3,,0,1,10,True,False,0,96,2,
1.5,MAON-wt-dil,D3,MAON-pcr1,C3,20_dil,2,18,False,2_16_b,0,96,2,,0,2,19,True,False,0,96,3,
1.5,MAON-wt-dil,D4,MAON-pcr1,E4,28_dil,3,28,False,3_26_b,0,96,4,,0,3,27,True,False,0,96,3,
1.5,MAON-wt-dil,A1,MAON-pcr1,C2,1_dil,1,10,False,1_8_b,0,96,2,,0,0,0,True,False,0,96,0,
1.5,MAON-wt-dil,B2,MAON-pcr1,B2,10_dil,1,9,False,1_7_b,0,96,1,,0,1,9,True,False,0,96,1,
1.5,MAON-wt-dil,C2,MAON-pcr1,E3,11_dil,2,20,False,2_18_b,0,96,4,,0,1,10,True,False,0,96,2,
1.5,MAON-wt-dil,D3,MAON-pcr1,D3,20_dil,2,19,False,2_17_b,0,96,3,,0,2,19,True,False,0,96,3,
1.5,MAON-wt-dil,A1,MAON-pcr1,D2,1_dil,1,11,False,1_9_b,0,96,3,,0,0,0,True,False,0,96,0,
1.5,MAON-wt-dil,B2,MAON-pcr1,C2,10_dil,1,10,False,1_8_b,0,96,2,,0,1,9,True,False,0,96,1,
1.5,MAON-wt-dil,C2,MAON-pcr1,F3,11_dil,2,21,False,2_19_b,0,96,5,,0,1,10,True,False,0,96,2,
1.5,MAON-wt-dil,D3,MAON-pcr1,E3,20_dil,2,20,False,2_18_b,0,96,4,,0,2,19,True,False,0,96,3,
1.5,MAON-wt-dil,A1,MAON-pcr1,E2,1_dil,1,12,False,1_10_b,0,96,4,,0,0,0,True,False,0,96,0,
1.5,MAON-wt-dil,B2,MAON-pcr1,D2,10_dil,1,11,False,1_9_b,0,96,3,,0,1,9,True,False,0,96,1,
1.5,MAON-wt-dil,C2,MAON-pcr1,G3,11_dil,2,22,False,2_20_b,0,96,6,,0,1,10,True,False,0,96,2,
1.5,MAON-wt-dil,D3,MAON-pcr1,F3,20_dil,2,21,False,2_19_b,0,96,5,,0,2,19,True,False,0,96,3,
1.5,MAON-wt-dil,A1,MAON-pcr1,G5,1_dil,4,38,False,1_2&3_b,0,96,6,,0,0,0,True,False,0,96,0,
1.5,MAON-wt-dil,B2,MAON-pcr1,F4,10_dil,3,29,False,1_1&2_b,0,96,5,,0,1,9,True,False,0,96,1,
1.5,MAON-wt-dil,C2,MAON-pcr1,D11,11_dil,10,83,False,2_12&13_b,0,96,3,,0,1,10,True,False,0,96,2,
1.5,MAON-wt-dil,D3,MAON-pcr1,C10,20_dil,9,74,False,2_11&12_b,0,96,2,,0,2,19,True,False,0,96,3,
1.5,MAON-wt-dil,A1,MAON-pcr1,H5,1_dil,4,39,False,1_2&4_b,0,96,7,,0,0,0,True,False,0,96,0,
1.5,MAON-wt-dil,B2,MAON-pcr1,G4,10_dil,3,30,False,1_1&3_b,0,96,6,,0,1,9,True,False,0,96,1,
1.5,MAON-wt-dil,C2,MAON-pcr1,E11,11_dil,10,84,False,2_12&14_b,0,96,4,,0,1,10,True,False,0,96,2,
1.5,MAON-wt-dil,D3,MAON-pcr1,D10,20_dil,9,75,False,2_11&13_b,0,96,3,,0,2,19,True,False,0,96,3,
1.5,MAON-wt-dil,A1,MAON-pcr1,A6,1_dil,5,40,False,1_2&5_b,0,96,0,,0,0,0,True,False,0,96,0,
1.5,MAON-wt-dil,B2,MAON-pcr1,H4,10_dil,3,31,False,1_1&4_b,0,96,7,,0,1,9,True,False,0,96,1,
1.5,MAON-wt-dil,C2,MAON-pcr1,F11,11_dil,10,85,False,2_12&15_b,0,96,5,,0,1,10,True,False,0,96,2,
1.5,MAON-wt-dil,D3,MAON-pcr1,E10,20_dil,9,76,False,2_11&14_b,0,96,4,,0,2,19,True,False,0,96,3,
1.5,MAON-wt-dil,A1,MAON-pcr1,B6,1_dil,5,41,False,1_2&6_b,0,96,1,,0,0,0,True,False,0,96,0,
1.5,MAON-wt-dil,B2,MAON-pcr1,A5,10_dil,4,32,False,1_1&5_b,0,96,0,,0,1,9,True,False,0,96,1,
1.5,MAON-wt-dil,C2,MAON-pcr1,G11,11_dil,10,86,False,2_12&16_b,0,96,6,,0,1,10,True,False,0,96,2,
1.5,MAON-wt-dil,D3,MAON-pcr1,F10,20_dil,9,77,False,2_11&15_b,0,96,5,,0,2,19,True,False,0,96,3,
1.5,MAON-wt-dil,A1,MAON-pcr1,C6,1_dil,5,42,False,1_2&7_b,0,96,2,,0,0,0,True,False,0,96,0,
1.5,MAON-wt-dil,B2,MAON-pcr1,B5,10_dil,4,33,False,1_1&6_b,0,96,1,,0,1,9,True,False,0,96,1,
1.5,MAON-wt-dil,C2,MAON-pcr1,H11,11_dil,10,87,False,2_12&17_b,0,96,7,,0,1,10,True,False,0,96,2,
1.5,MAON-wt-dil,D3,MAON-pcr1,G10,20_dil,9,78,False,2_11&16_b,0,96,6,,0,2,19,True,False,0,96,3,
1.5,MAON-wt-dil,A1,MAON-pcr1,D6,1_dil,5,43,False,1_2&8_b,0,96,3,,0,0,0,True,False,0,96,0,
1.5,MAON-wt-dil,B2,MAON-pcr1,C5,10_dil,4,34,False,1_1&7_b,0,96,2,,0,1,9,True,False,0,96,1,
1.5,MAON-wt-dil,C2,MAON-pcr1,A12,11_dil,11,88,False,2_12&18_b,0,96,0,,0,1,10,True,False,0,96,2,
1.5,MAON-wt-dil,D3,MAON-pcr1,H10,20_dil,9,79,False,2_11&17_b,0,96,7,,0,2,19,True,False,0,96,3,
1.5,MAON-wt-dil,A1,MAON-pcr1,E6,1_dil,5,44,False,1_2&9_b,0,96,4,,0,0,0,True,False,0,96,0,
1.5,MAON-wt-dil,B2,MAON-pcr1,D5,10_dil,4,35,False,1_1&8_b,0,96,3,,0,1,9,True,False,0,96,1,
1.5,MAON-wt-dil,C2,MAON-pcr1,B12,11_dil,11,89,False,2_12&19_b,0,96,1,,0,1,10,True,False,0,96,2,
1.5,MAON-wt-dil,D3,MAON-pcr1,A11,20_dil,10,80,False,2_11&18_b,0,96,0,,0,2,19,True,False,0,96,3,
1.5,MAON-wt-dil,A1,MAON-pcr1,F6,1_dil,5,45,False,1_2&10_b,0,96,5,,0,0,0,True,False,0,96,0,
1.5,MAON-wt-dil,B2,MAON-pcr1,E5,10_dil,4,36,False,1_1&9_b,0,96,4,,0,1,9,True,False,0,96,1,
1.5,MAON-wt-dil,C2,MAON-pcr1,C12,11_dil,11,90,False,2_12&20_b,0,96,2,,0,1,10,True,False,0,96,2,
1.5,MAON-wt-dil,D3,MAON-pcr1,B11,20_dil,10,81,False,2_11&19_b,0,96,1,,0,2,19,True,False,0,96,3,
1.5,MAON-wt-dil,A1,MAON-pcr1,G6,1_dil,5,46,False,1_3&4_b,0,96,6,,0,0,0,True,False,0,96,0,
1.5,MAON-wt-dil,B2,MAON-pcr1,G5,10_dil,4,38,False,1_2&3_b,0,96,6,,0,1,9,True,False,0,96,1,
1.5,MAON-wt-dil,C2,MAON-pcr1,D12,11_dil,11,91,False,2_13&14_b,0,96,3,,0,1,10,True,False,0,96,2,
1.5,MAON-wt-dil,D3,MAON-pcr1,D11,20_dil,10,83,False,2_12&13_b,0,96,3,,0,2,19,True,False,0,96,3,
1.5,MAON-wt-dil,A1,MAON-pcr1,H6,1_dil,5,47,False,1_3&5_b,0,96,7,,0,0,0,True,False,0,96,0,
1.5,MAON-wt-dil,B2,MAON-pcr1,H5,10_dil,4,39,False,1_2&4_b,0,96,7,,0,1,9,True,False,0,96,1,
1.5,MAON-wt-dil,C2,MAON-pcr1,E12,11_dil,11,92,False,2_13&15_b,0,96,4,,0,1,10,True,False,0,96,2,
1.5,MAON-wt-dil,D3,MAON-pcr1,E11,20_dil,10,84,False,2_12&14_b,0,96,4,,0,2,19,True,False,0,96,3,
1.5,MAON-wt-dil,A1,MAON-pcr1,A7,1_dil,6,48,False,1_3&6_b,0,96,0,,0,0,0,True,False,0,96,0,
1.5,MAON-wt-dil,B2,MAON-pcr1,A6,10_dil,5,40,False,1_2&5_b,0,96,0,,0,1,9,True,False,0,96,1,
1.5,MAON-wt-dil,C2,MAON-pcr1,F12,11_dil,11,93,False,2_13&16_b,0,96,5,,0,1,10,True,False,0,96,2,
1.5,MAON-wt-dil,D3,MAON-pcr1,F11,20_dil,10,85,False,2_12&15_b,0,96,5,,0,2,19,True,False,0,96,3,
1.5,MAON-wt-dil,A1,MAON-pcr1,B7,1_dil,6,49,False,1_3&7_b,0,96,1,,0,0,0,True,False,0,96,0,
1.5,MAON-wt-dil,B2,MAON-pcr1,B6,10_dil,5,41,False,1_2&6_b,0,96,1,,0,1,9,True,False,0,96,1,
1.5,MAON-wt-dil,C2,MAON-pcr1,G12,11_dil,11,94,False,2_13&17_b,0,96,6,,0,1,10,True,False,0,96,2,
1.5,MAON-wt-dil,D3,MAON-pcr1,G11,20_dil,10,86,False,2_12&16_b,0,96,6,,0,2,19,True,False,0,96,3,
1.5,MAON-wt-dil,A1,MAON-pcr1,C7,1_dil,6,50,False,1_3&8_b,0,96,2,,0,0,0,True,False,0,96,0,
1.5,MAON-wt-dil,B2,MAON-pcr1,C6,10_dil,5,42,False,1_2&7_b,0,96,2,,0,1,9,True,False,0,96,1,
1.5,MAON-wt-dil,C2,MAON-pcr1,H12,11_dil,11,95,False,2_13&18_b,0,96,7,,0,1,10,True,False,0,96,2,
1.5,MAON-wt-dil,D3,MAON-pcr1,H11,20_dil,10,87,False,2_12&17_b,0,96,7,,0,2,19,True,False,0,96,3,
1.5,MAON-wt-dil,A1,MAON-pcr1,D7,1_dil,6,51,False,1_3&9_b,0,96,3,,0,0,0,True,False,0,96,0,
1.5,MAON-wt-dil,B2,MAON-pcr1,D6,10_dil,5,43,False,1_2&8_b,0,96,3,,0,1,9,True,False,0,96,1,
1.5,MAON-wt-dil,D3,MAON-pcr1,A12,20_dil,11,88,False,2_12&18_b,0,96,0,,0,2,19,True,False,0,96,3,
1.5,MAON-wt-dil,A1,MAON-pcr1,E7,1_dil,6,52,False,1_3&10_b,0,96,4,,0,0,0,True,False,0,96,0,
1.5,MAON-wt-dil,B2,MAON-pcr1,E6,10_dil,5,44,False,1_2&9_b,0,96,4,,0,1,9,True,False,0,96,1,
1.5,MAON-wt-dil,D3,MAON-pcr1,B12,20_dil,11,89,False,2_12&19_b,0,96,1,,0,2,19,True,False,0,96,3,
1.5,MAON-wt-dil,A1,MAON-pcr1,F7,1_dil,6,53,False,1_4&5_b,0,96,5,,0,0,0,True,False,0,96,0,
1.5,MAON-wt-dil,B2,MAON-pcr1,G6,10_dil,5,46,False,1_3&4_b,0,96,6,,0,1,9,True,False,0,96,1,
1.5,MAON-wt-dil,D3,MAON-pcr1,D12,20_dil,11,91,False,2_13&14_b,0,96,3,,0,2,19,True,False,0,96,3,
1.5,MAON-wt-dil,A1,MAON-pcr1,G7,1_dil,6,54,False,1_4&6_b,0,96,6,,0,0,0,True,False,0,96,0,
1.5,MAON-wt-dil,B2,MAON-pcr1,H6,10_dil,5,47,False,1_3&5_b,0,96,7,,0,1,9,True,False,0,96,1,
1.5,MAON-wt-dil,D3,MAON-pcr1,E12,20_dil,11,92,False,2_13&15_b,0,96,4,,0,2,19,True,False,0,96,3,
1.5,MAON-wt-dil,A1,MAON-pcr1,H7,1_dil,6,55,False,1_4&7_b,0,96,7,,0,0,0,True,False,0,96,0,
1.5,MAON-wt-dil,B2,MAON-pcr1,A7,10_dil,6,48,False,1_3&6_b,0,96,0,,0,1,9,True,False,0,96,1,
1.5,MAON-wt-dil,D3,MAON-pcr1,F12,20_dil,11,93,False,2_13&16_b,0,96,5,,0,2,19,True,False,0,96,3,
1.5,MAON-wt-dil,A1,MAON-pcr1,A8,1_dil,7,56,False,1_4&8_b,0,96,0,,0,0,0,True,False,0,96,0,
1.5,MAON-wt-dil,B2,MAON-pcr1,B7,10_dil,6,49,False,1_3&7_b,0,96,1,,0,1,9,True,False,0,96,1,
1.5,MAON-wt-dil,D3,MAON-pcr1,G12,20_dil,11,94,False,2_13&17_b,0,96,6,,0,2,19,True,False,0,96,3,
1.5,MAON-wt-dil,A1,MAON-pcr1,B8,1_dil,7,57,False,1_4&9_b,0,96,1,,0,0,0,True,False,0,96,0,
1.5,MAON-wt-dil,B2,MAON-pcr1,C7,10_dil,6,50,False,1_3&8_b,0,96,2,,0,1,9,True,False,0,96,1,
1.5,MAON-wt-dil,D3,MAON-pcr1,H12,20_dil,11,95,False,2_13&18_b,0,96,7,,0,2,19,True,False,0,96,3,
1.5,MAON-wt-dil,A1,MAON-pcr1,C8,1_dil,7,58,False,1_4&10_b,0,96,2,,0,0,0,True,False,0,96,0,
1.5,MAON-wt-dil,B2,MAON-pcr1,D7,10_dil,6,51,False,1_3&9_b,0,96,3,,0,1,9,True,False,0,96,1,
1.5,MAON-wt-dil,A1,MAON-pcr1,D8,1_dil,7,59,False,1_5&6_b,0,96,3,,0,0,0,True,False,0,96,0,
1.5,MAON-wt-dil,B2,MAON-pcr1,F7,10_dil,6,53,False,1_4&5_b,0,96,5,,0,1,9,True,False,0,96,1,
1.5,MAON-wt-dil,A1,MAON-pcr1,E8,1_dil,7,60,False,1_5&7_b,0,96,4,,0,0,0,True,False,0,96,0,
1.5,MAON-wt-dil,B2,MAON-pcr1,G7,10_dil,6,54,False,1_4&6_b,0,96,6,,0,1,9,True,False,0,96,1,
1.5,MAON-wt-dil,A1,MAON-pcr1,F8,1_dil,7,61,False,1_5&8_b,0,96,5,,0,0,0,True,False,0,96,0,
1.5,MAON-wt-dil,B2,MAON-pcr1,H7,10_dil,6,55,False,1_4&7_b,0,96,7,,0,1,9,True,False,0,96,1,
1.5,MAON-wt-dil,A1,MAON-pcr1,G8,1_dil,7,62,False,1_5&9_b,0,96,6,,0,0,0,True,False,0,96,0,
1.5,MAON-wt-dil,B2,MAON-pcr1,A8,10_dil,7,56,False,1_4&8_b,0,96,0,,0,1,9,True,False,0,96,1,
1.5,MAON-wt-dil,A1,MAON-pcr1,H8,1_dil,7,63,False,1_5&10_b,0,96,7,,0,0,0,True,False,0,96,0,
1.5,MAON-wt-dil,B2,MAON-pcr1,B8,10_dil,7,57,False,1_4&9_b,0,96,1,,0,1,9,True,False,0,96,1,
1.5,MAON-wt-dil,A1,MAON-pcr1,A9,1_dil,8,64,False,1_6&7_b,0,96,0,,0,0,0,True,False,0,96,0,
1.5,MAON-wt-dil,B2,MAON-pcr1,D8,10_dil,7,59,False,1_5&6_b,0,96,3,,0,1,9,True,False,0,96,1,
1.5,MAON-wt-dil,A1,MAON-pcr1,B9,1_dil,8,65,False,1_6&8_b,0,96,1,,0,0,0,True,False,0,96,0,
1.5,MAON-wt-dil,B2,MAON-pcr1,E8,10_dil,7,60,False,1_5&7_b,0,96,4,,0,1,9,True,False,0,96,1,
1.5,MAON-wt-dil,A1,MAON-pcr1,C9,1_dil,8,66,False,1_6&9_b,0,96,2,,0,0,0,True,False,0,96,0,
1.5,MAON-wt-dil,B2,MAON-pcr1,F8,10_dil,7,61,False,1_5&8_b,0,96,5,,0,1,9,True,False,0,96,1,
1.5,MAON-wt-dil,A1,MAON-pcr1,D9,1_dil,8,67,False,1_6&10_b,0,96,3,,0,0,0,True,False,0,96,0,
1.5,MAON-wt-dil,B2,MAON-pcr1,G8,10_dil,7,62,False,1_5&9_b,0,96,6,,0,1,9,True,False,0,96,1,
1.5,MAON-wt-dil,A1,MAON-pcr1,E9,1_dil,8,68,False,1_7&8_b,0,96,4,,0,0,0,True,False,0,96,0,
1.5,MAON-wt-dil,B2,MAON-pcr1,A9,10_dil,8,64,False,1_6&7_b,0,96,0,,0,1,9,True,False,0,96,1,
1.5,MAON-wt-dil,A1,MAON-pcr1,F9,1_dil,8,69,False,1_7&9_b,0,96,5,,0,0,0,True,False,0,96,0,
1.5,MAON-wt-dil,B2,MAON-pcr1,B9,10_dil,8,65,False,1_6&8_b,0,96,1,,0,1,9,True,False,0,96,1,
1.5,MAON-wt-dil,A1,MAON-pcr1,G9,1_dil,8,70,False,1_7&10_b,0,96,6,,0,0,0,True,False,0,96,0,
1.5,MAON-wt-dil,B2,MAON-pcr1,C9,10_dil,8,66,False,1_6&9_b,0,96,2,,0,1,9,True,False,0,96,1,
1.5,MAON-wt-dil,A1,MAON-pcr1,H9,1_dil,8,71,False,1_8&9_b,0,96,7,,0,0,0,True,False,0,96,0,
1.5,MAON-wt-dil,B2,MAON-pcr1,E9,10_dil,8,68,False,1_7&8_b,0,96,4,,0,1,9,True,False,0,96,1,
1.5,MAON-wt-dil,A1,MAON-pcr1,A10,1_dil,9,72,False,1_8&10_b,0,96,0,,0,0,0,True,False,0,96,0,
1.5,MAON-wt-dil,B2,MAON-pcr1,F9,10_dil,8,69,False,1_7&9_b,0,96,5,,0,1,9,True,False,0,96,1,
1.5,MAON-wt-dil,A1,MAON-pcr1,B10,1_dil,9,73,False,1_9&10_b,0,96,1,,0,0,0,True,False,0,96,0,
1.5,MAON-wt-dil,B2,MAON-pcr1,H9,10_dil,8,71,False,1_8&9_b,0,96,7,,0,1,9,True,False,0,96,1,
