Volume,SourcePlateBarcode,SourcePlateWell,DestinationPlateBarcode,DestinationPlateWell,ComponentName,dest_col,dest_idx,dest_is_reagent,dest_name,dest_pipette_idx,dest_plate_size,dest_row,dest_well_fixed,level,src_col,src_idx,src_is_input,src_is_reagent,src_pipette_idx,src_plate_size,src_row,src_well_fixed
5.0,MAON-mut-pl,E2,MAON-templ-2,A1,13m,0,0,False,2_13&19_ib,0,96,0,,0,1,12,True,False,0,96,4,
5.0,MAON-mut-pl,F2,MAON-templ-2,C1,14m,0,2,False,2_14&15_ib,0,96,2,,0,1,13,True,False,0,96,5,
5.0,MAON-mut-pl,G2,MAON-templ-2,C1,15m,0,2,False,2_14&15_ib,0,96,2,,0,1,14,True,False,0,96,6,
5.0,MAON-mut-pl,H2,MAON-templ-2,D1,16m,0,3,False,2_14&16_ib,0,96,3,,0,1,15,True,False,0,96,7,
5.0,MAON-mut-pl,A3,MAON-templ-2,E1,17m,0,4,False,2_14&17_ib,0,96,4,,0,2,16,True,False,0,96,0,
5.0,MAON-mut-pl,B3,MAON-templ-2,F1,18m,0,5,False,2_14&18_ib,0,96,5,,0,2,17,True,False,0,96,1,
5.0,MAON-mut-pl,C3,MAON-templ-2,A1,19m,0,0,False,2_13&19_ib,0,96,0,,0,2,18,True,False,0,96,2,
5.0,MAON-mut-pl,F3,MAON-templ-2,H3,22m,2,23,False,3_21&22_ib,0,96,7,,0,2,21,True,False,0,96,5,
5.0,MAON-mut-pl,G3,MAON-templ-2,A4,23m,3,24,False,3_21&23_ib,0,96,0,,0,2,22,True,False,0,96,6,
5.0,MAON-mut-pl,H3,MAON-templ-2,B4,24m,3,25,False,3_21&24_ib,0,96,1,,0,2,23,True,False,0,96,7,
5.0,MAON-mut-pl,A4,MAON-templ-2,C4,25m,3,26,False,3_21&25_ib,0,96,2,,0,3,24,True,False,0,96,0,
5.0,MAON-mut-pl,B4,MAON-templ-2,D4,26m,3,27,False,3_21&26_ib,0,96,3,,0,3,25,True,False,0,96,1,
5.0,MAON-mut-pl,E2,MAON-templ-2,B1,13m,0,1,False,2_13&20_ib,0,96,1,,0,1,12,True,False,0,96,4,
5.0,MAON-mut-pl,F2,MAON-templ-2,D1,14m,0,3,False,2_14&16_ib,0,96,3,,0,1,13,True,False,0,96,5,
5.0,MAON-mut-pl,G2,MAON-templ-2,A2,15m,1,8,False,2_15&16_ib,0,96,0,,0,1,14,True,False,0,96,6,
5.0,MAON-mut-pl,H2,MAON-templ-2,A2,16m,1,8,False,2_15&16_ib,0,96,0,,0,1,15,True,False,0,96,7,
5.0,MAON-mut-pl,A3,MAON-templ-2,B2,17m,1,9,False,2_15&17_ib,0,96,1,,0,2,16,True,False,0,96,0,
5.0,MAON-mut-pl,B3,MAON-templ-2,C2,18m,1,10,False,2_15&18_ib,0,96,2,,0,2,17,True,False,0,96,1,
5.0,MAON-mut-pl,C3,MAON-templ-2,G1,19m,0,6,False,2_14&19_ib,0,96,6,,0,2,18,True,False,0,96,2,
5.0,MAON-mut-pl,F3,MAON-templ-2,E4,22m,3,28,False,3_22&23_ib,0,96,4,,0,2,21,True,False,0,96,5,
5.0,MAON-mut-pl,G3,MAON-templ-2,E4,23m,3,28,False,3_22&23_ib,0,96,4,,0,2,22,True,False,0,96,6,
5.0,MAON-mut-pl,H3,MAON-templ-2,F4,24m,3,29,False,3_22&24_ib,0,96,5,,0,2,23,True,False,0,96,7,
5.0,MAON-mut-pl,A4,MAON-templ-2,G4,25m,3,30,False,3_22&25_ib,0,96,6,,0,3,24,True,False,0,96,0,
5.0,MAON-mut-pl,B4,MAON-templ-2,H4,26m,3,31,False,3_22&26_ib,0,96,7,,0,3,25,True,False,0,96,1,
5.0,MAON-mut-pl,F2,MAON-templ-2,E1,14m,0,4,False,2_14&17_ib,0,96,4,,0,1,13,True,False,0,96,5,
5.0,MAON-mut-pl,G2,MAON-templ-2,B2,15m,1,9,False,2_15&17_ib,0,96,1,,0,1,14,True,False,0,96,6,
5.0,MAON-mut-pl,H2,MAON-templ-2,F2,16m,1,13,False,2_16&17_ib,0,96,5,,0,1,15,True,False,0,96,7,
5.0,MAON-mut-pl,A3,MAON-templ-2,F2,17m,1,13,False,2_16&17_ib,0,96,5,,0,2,16,True,False,0,96,0,
5.0,MAON-mut-pl,B3,MAON-templ-2,G2,18m,1,14,False,2_16&18_ib,0,96,6,,0,2,17,True,False,0,96,1,
5.0,MAON-mut-pl,C3,MAON-templ-2,D2,19m,1,11,False,2_15&19_ib,0,96,3,,0,2,18,True,False,0,96,2,
5.0,MAON-mut-pl,F3,MAON-templ-2,F4,22m,3,29,False,3_22&24_ib,0,96,5,,0,2,21,True,False,0,96,5,
5.0,MAON-mut-pl,G3,MAON-templ-2,A5,23m,4,32,False,3_23&24_ib,0,96,0,,0,2,22,True,False,0,96,6,
5.0,MAON-mut-pl,H3,MAON-templ-2,A5,24m,4,32,False,3_23&24_ib,0,96,0,,0,2,23,True,False,0,96,7,
5.0,MAON-mut-pl,A4,MAON-templ-2,B5,25m,4,33,False,3_23&25_ib,0,96,1,,0,3,24,True,False,0,96,0,
5.0,MAON-mut-pl,B4,MAON-templ-2,C5,26m,4,34,False,3_23&26_ib,0,96,2,,0,3,25,True,False,0,96,1,
5.0,MAON-mut-pl,F2,MAON-templ-2,F1,14m,0,5,False,2_14&18_ib,0,96,5,,0,1,13,True,False,0,96,5,
5.0,MAON-mut-pl,G2,MAON-templ-2,C2,15m,1,10,False,2_15&18_ib,0,96,2,,0,1,14,True,False,0,96,6,
5.0,MAON-mut-pl,H2,MAON-templ-2,G2,16m,1,14,False,2_16&18_ib,0,96,6,,0,1,15,True,False,0,96,7,
5.0,MAON-mut-pl,A3,MAON-templ-2,B3,17m,2,17,False,2_17&18_ib,0,96,1,,0,2,16,True,False,0,96,0,
5.0,MAON-mut-pl,B3,MAON-templ-2,B3,18m,2,17,False,2_17&18_ib,0,96,1,,0,2,17,True,False,0,96,1,
5.0,MAON-mut-pl,C3,MAON-templ-2,H2,19m,1,15,False,2_16&19_ib,0,96,7,,0,2,18,True,False,0,96,2,
5.0,MAON-mut-pl,F3,MAON-templ-2,G4,22m,3,30,False,3_22&25_ib,0,96,6,,0,2,21,True,False,0,96,5,
5.0,MAON-mut-pl,G3,MAON-templ-2,B5,23m,4,33,False,3_23&25_ib,0,96,1,,0,2,22,True,False,0,96,6,
5.0,MAON-mut-pl,H3,MAON-templ-2,D5,24m,4,35,False,3_24&25_ib,0,96,3,,0,2,23,True,False,0,96,7,
5.0,MAON-mut-pl,A4,MAON-templ-2,D5,25m,4,35,False,3_24&25_ib,0,96,3,,0,3,24,True,False,0,96,0,
5.0,MAON-mut-pl,B4,MAON-templ-2,E5,26m,4,36,False,3_24&26_ib,0,96,4,,0,3,25,True,False,0,96,1,
5.0,MAON-mut-pl,F2,MAON-templ-2,G1,14m,0,6,False,2_14&19_ib,0,96,6,,0,1,13,True,False,0,96,5,
5.0,MAON-mut-pl,G2,MAON-templ-2,D2,15m,1,11,False,2_15&19_ib,0,96,3,,0,1,14,True,False,0,96,6,
5.0,MAON-mut-pl,H2,MAON-templ-2,H2,16m,1,15,False,2_16&19_ib,0,96,7,,0,1,15,True,False,0,96,7,
5.0,MAON-mut-pl,A3,MAON-templ-2,C3,17m,2,18,False,2_17&19_ib,0,96,2,,0,2,16,True,False,0,96,0,
5.0,MAON-mut-pl,B3,MAON-templ-2,E3,18m,2,20,False,2_18&19_ib,0,96,4,,0,2,17,True,False,0,96,1,
5.0,MAON-mut-pl,C3,MAON-templ-2,C3,19m,2,18,False,2_17&19_ib,0,96,2,,0,2,18,True,False,0,96,2,
5.0,MAON-mut-pl,F3,MAON-templ-2,H4,22m,3,31,False,3_22&26_ib,0,96,7,,0,2,21,True,False,0,96,5,
5.0,MAON-mut-pl,G3,MAON-templ-2,C5,23m,4,34,False,3_23&26_ib,0,96,2,,0,2,22,True,False,0,96,6,
5.0,MAON-mut-pl,H3,MAON-templ-2,E5,24m,4,36,False,3_24&26_ib,0,96,4,,0,2,23,True,False,0,96,7,
5.0,MAON-mut-pl,A4,MAON-templ-2,F5,25m,4,37,False,3_25&26_ib,0,96,5,,0,3,24,True,False,0,96,0,
5.0,MAON-mut-pl,B4,MAON-templ-2,F5,26m,4,37,False,3_25&26_ib,0,96,5,,0,3,25,True,False,0,96,1,
5.0,MAON-mut-pl,F2,MAON-templ-2,H1,14m,0,7,False,2_14&20_ib,0,96,7,,0,1,13,True,False,0,96,5,
5.0,MAON-mut-pl,G2,MAON-templ-2,E2,15m,1,12,False,2_15&20_ib,0,96,4,,0,1,14,True,False,0,96,6,
5.0,MAON-mut-pl,H2,MAON-templ-2,A3,16m,2,16,False,2_16&20_ib,0,96,0,,0,1,15,True,False,0,96,7,
5.0,MAON-mut-pl,A3,MAON-templ-2,D3,17m,2,19,False,2_17&20_ib,0,96,3,,0,2,16,True,False,0,96,0,
5.0,MAON-mut-pl,B3,MAON-templ-2,F3,18m,2,21,False,2_18&20_ib,0,96,5,,0,2,17,True,False,0,96,1,
5.0,MAON-mut-pl,C3,MAON-templ-2,E3,19m,2,20,False,2_18&19_ib,0,96,4,,0,2,18,True,False,0,96,2,
5.0,MAON-mut-pl,C3,MAON-templ-2,G3,19m,2,22,False,2_19&20_ib,0,96,6,,0,2,18,True,False,0,96,2,
2.5,MAON-wt-dil,D2,MAON-templ-2,A1,12_dil,0,0,False,2_13&19_ib,0,96,0,,0,1,11,True,False,0,96,3,
2.5,MAON-wt-dil,E2,MAON-templ-2,C1,13_dil,0,2,False,2_14&15_ib,0,96,2,,0,1,12,True,False,0,96,4,
2.5,MAON-wt-dil,F2,MAON-templ-2,A1,14_dil,0,0,False,2_13&19_ib,0,96,0,,0,1,13,True,False,0,96,5,
2.5,MAON-wt-dil,G2,MAON-templ-2,A1,15_dil,0,0,False,2_13&19_ib,0,96,0,,0,1,14,True,False,0,96,6,
2.5,MAON-wt-dil,H2,MAON-templ-2,A1,16_dil,0,0,False,2_13&19_ib,0,96,0,,0,1,15,True,False,0,96,7,
2.5,MAON-wt-dil,A3,MAON-templ-2,A1,17_dil,0,0,False,2_13&19_ib,0,96,0,,0,2,16,True,False,0,96,0,
2.5,MAON-wt-dil,B3,MAON-templ-2,A1,18_dil,0,0,False,2_13&19_ib,0,96,0,,0,2,17,True,False,0,96,1,
2.5,MAON-wt-dil,C3,MAON-templ-2,B1,19_dil,0,1,False,2_13&20_ib,0,96,1,,0,2,18,True,False,0,96,2,
2.5,MAON-wt-dil,F3,MAON-templ-2,A4,22_dil,3,24,False,3_21&23_ib,0,96,0,,0,2,21,True,False,0,96,5,
2.5,MAON-wt-dil,G3,MAON-templ-2,H3,23_dil,2,23,False,3_21&22_ib,0,96,7,,0,2,22,True,False,0,96,6,
2.5,MAON-wt-dil,H3,MAON-templ-2,H3,24_dil,2,23,False,3_21&22_ib,0,96,7,,0,2,23,True,False,0,96,7,
2.5,MAON-wt-dil,A4,MAON-templ-2,H3,25_dil,2,23,False,3_21&22_ib,0,96,7,,0,3,24,True,False,0,96,0,
2.5,MAON-wt-dil,B4,MAON-templ-2,H3,26_dil,2,23,False,3_21&22_ib,0,96,7,,0,3,25,True,False,0,96,1,
2.5,MAON-wt-dil,C4,MAON-templ-2,H3,27_dil,2,23,False,3_21&22_ib,0,96,7,,0,3,26,True,False,0,96,2,
2.5,MAON-wt-dil,D2,MAON-templ-2,B1,12_dil,0,1,False,2_13&20_ib,0,96,1,,0,1,11,True,False,0,96,3,
2.5,MAON-wt-dil,E2,MAON-templ-2,D1,13_dil,0,3,False,2_14&16_ib,0,96,3,,0,1,12,True,False,0,96,4,
2.5,MAON-wt-dil,F2,MAON-templ-2,B1,14_dil,0,1,False,2_13&20_ib,0,96,1,,0,1,13,True,False,0,96,5,
2.5,MAON-wt-dil,G2,MAON-templ-2,B1,15_dil,0,1,False,2_13&20_ib,0,96,1,,0,1,14,True,False,0,96,6,
2.5,MAON-wt-dil,H2,MAON-templ-2,B1,16_dil,0,1,False,2_13&20_ib,0,96,1,,0,1,15,True,False,0,96,7,
2.5,MAON-wt-dil,A3,MAON-templ-2,B1,17_dil,0,1,False,2_13&20_ib,0,96,1,,0,2,16,True,False,0,96,0,
2.5,MAON-wt-dil,B3,MAON-templ-2,B1,18_dil,0,1,False,2_13&20_ib,0,96,1,,0,2,17,True,False,0,96,1,
2.5,MAON-wt-dil,C3,MAON-templ-2,C1,19_dil,0,2,False,2_14&15_ib,0,96,2,,0,2,18,True,False,0,96,2,
2.5,MAON-wt-dil,F3,MAON-templ-2,B4,22_dil,3,25,False,3_21&24_ib,0,96,1,,0,2,21,True,False,0,96,5,
2.5,MAON-wt-dil,G3,MAON-templ-2,B4,23_dil,3,25,False,3_21&24_ib,0,96,1,,0,2,22,True,False,0,96,6,
2.5,MAON-wt-dil,H3,MAON-templ-2,A4,24_dil,3,24,False,3_21&23_ib,0,96,0,,0,2,23,True,False,0,96,7,
2.5,MAON-wt-dil,A4,MAON-templ-2,A4,25_dil,3,24,False,3_21&23_ib,0,96,0,,0,3,24,True,False,0,96,0,
2.5,MAON-wt-dil,B4,MAON-templ-2,A4,26_dil,3,24,False,3_21&23_ib,0,96,0,,0,3,25,True,False,0,96,1,
2.5,MAON-wt-dil,C4,MAON-templ-2,A4,27_dil,3,24,False,3_21&23_ib,0,96,0,,0,3,26,True,False,0,96,2,
2.5,MAON-wt-dil,D2,MAON-templ-2,C1,12_dil,0,2,False,2_14&15_ib,0,96,2,,0,1,11,True,False,0,96,3,
2.5,MAON-wt-dil,E2,MAON-templ-2,E1,13_dil,0,4,False,2_14&17_ib,0,96,4,,0,1,12,True,False,0,96,4,
2.5,MAON-wt-dil,F2,MAON-templ-2,A2,14_dil,1,8,False,2_15&16_ib,0,96,0,,0,1,13,True,False,0,96,5,
2.5,MAON-wt-dil,G2,MAON-templ-2,D1,15_dil,0,3,False,2_14&16_ib,0,96,3,,0,1,14,True,False,0,96,6,
2.5,MAON-wt-dil,H2,MAON-templ-2,C1,16_dil,0,2,False,2_14&15_ib,0,96,2,,0,1,15,True,False,0,96,7,
2.5,MAON-wt-dil,A3,MAON-templ-2,C1,17_dil,0,2,False,2_14&15_ib,0,96,2,,0,2,16,True,False,0,96,0,
2.5,MAON-wt-dil,B3,MAON-templ-2,C1,18_dil,0,2,False,2_14&15_ib,0,96,2,,0,2,17,True,False,0,96,1,
2.5,MAON-wt-dil,C3,MAON-templ-2,D1,19_dil,0,3,False,2_14&16_ib,0,96,3,,0,2,18,True,False,0,96,2,
2.5,MAON-wt-dil,F3,MAON-templ-2,C4,22_dil,3,26,False,3_21&25_ib,0,96,2,,0,2,21,True,False,0,96,5,
2.5,MAON-wt-dil,G3,MAON-templ-2,C4,23_dil,3,26,False,3_21&25_ib,0,96,2,,0,2,22,True,False,0,96,6,
2.5,MAON-wt-dil,H3,MAON-templ-2,C4,24_dil,3,26,False,3_21&25_ib,0,96,2,,0,2,23,True,False,0,96,7,
2.5,MAON-wt-dil,A4,MAON-templ-2,B4,25_dil,3,25,False,3_21&24_ib,0,96,1,,0,3,24,True,False,0,96,0,
2.5,MAON-wt-dil,B4,MAON-templ-2,B4,26_dil,3,25,False,3_21&24_ib,0,96,1,,0,3,25,True,False,0,96,1,
2.5,MAON-wt-dil,C4,MAON-templ-2,B4,27_dil,3,25,False,3_21&24_ib,0,96,1,,0,3,26,True,False,0,96,2,
2.5,MAON-wt-dil,D2,MAON-templ-2,D1,12_dil,0,3,False,2_14&16_ib,0,96,3,,0,1,11,True,False,0,96,3,
2.5,MAON-wt-dil,E2,MAON-templ-2,F1,13_dil,0,5,False,2_14&18_ib,0,96,5,,0,1,12,True,False,0,96,4,
2.5,MAON-wt-dil,F2,MAON-templ-2,B2,14_dil,1,9,False,2_15&17_ib,0,96,1,,0,1,13,True,False,0,96,5,
2.5,MAON-wt-dil,G2,MAON-templ-2,E1,15_dil,0,4,False,2_14&17_ib,0,96,4,,0,1,14,True,False,0,96,6,
2.5,MAON-wt-dil,H2,MAON-templ-2,E1,16_dil,0,4,False,2_14&17_ib,0,96,4,,0,1,15,True,False,0,96,7,
2.5,MAON-wt-dil,A3,MAON-templ-2,D1,17_dil,0,3,False,2_14&16_ib,0,96,3,,0,2,16,True,False,0,96,0,
2.5,MAON-wt-dil,B3,MAON-templ-2,D1,18_dil,0,3,False,2_14&16_ib,0,96,3,,0,2,17,True,False,0,96,1,
2.5,MAON-wt-dil,C3,MAON-templ-2,E1,19_dil,0,4,False,2_14&17_ib,0,96,4,,0,2,18,True,False,0,96,2,
2.5,MAON-wt-dil,F3,MAON-templ-2,D4,22_dil,3,27,False,3_21&26_ib,0,96,3,,0,2,21,True,False,0,96,5,
2.5,MAON-wt-dil,G3,MAON-templ-2,D4,23_dil,3,27,False,3_21&26_ib,0,96,3,,0,2,22,True,False,0,96,6,
2.5,MAON-wt-dil,H3,MAON-templ-2,D4,24_dil,3,27,False,3_21&26_ib,0,96,3,,0,2,23,True,False,0,96,7,
2.5,MAON-wt-dil,A4,MAON-templ-2,D4,25_dil,3,27,False,3_21&26_ib,0,96,3,,0,3,24,True,False,0,96,0,
2.5,MAON-wt-dil,B4,MAON-templ-2,C4,26_dil,3,26,False,3_21&25_ib,0,96,2,,0,3,25,True,False,0,96,1,
2.5,MAON-wt-dil,C4,MAON-templ-2,C4,27_dil,3,26,False,3_21&25_ib,0,96,2,,0,3,26,True,False,0,96,2,
2.5,MAON-wt-dil,D2,MAON-templ-2,E1,12_dil,0,4,False,2_14&17_ib,0,96,4,,0,1,11,True,False,0,96,3,
2.5,MAON-wt-dil,E2,MAON-templ-2,G1,13_dil,0,6,False,2_14&19_ib,0,96,6,,0,1,12,True,False,0,96,4,
2.5,MAON-wt-dil,F2,MAON-templ-2,C2,14_dil,1,10,False,2_15&18_ib,0,96,2,,0,1,13,True,False,0,96,5,
2.5,MAON-wt-dil,G2,MAON-templ-2,F1,15_dil,0,5,False,2_14&18_ib,0,96,5,,0,1,14,True,False,0,96,6,
2.5,MAON-wt-dil,H2,MAON-templ-2,F1,16_dil,0,5,False,2_14&18_ib,0,96,5,,0,1,15,True,False,0,96,7,
2.5,MAON-wt-dil,A3,MAON-templ-2,F1,17_dil,0,5,False,2_14&18_ib,0,96,5,,0,2,16,True,False,0,96,0,
2.5,MAON-wt-dil,B3,MAON-templ-2,E1,18_dil,0,4,False,2_14&17_ib,0,96,4,,0,2,17,True,False,0,96,1,
2.5,MAON-wt-dil,C3,MAON-templ-2,F1,19_dil,0,5,False,2_14&18_ib,0,96,5,,0,2,18,True,False,0,96,2,
2.5,MAON-wt-dil,F3,MAON-templ-2,A5,22_dil,4,32,False,3_23&24_ib,0,96,0,,0,2,21,True,False,0,96,5,
2.5,MAON-wt-dil,G3,MAON-templ-2,F4,23_dil,3,29,False,3_22&24_ib,0,96,5,,0,2,22,True,False,0,96,6,
2.5,MAON-wt-dil,H3,MAON-templ-2,E4,24_dil,3,28,False,3_22&23_ib,0,96,4,,0,2,23,True,False,0,96,7,
2.5,MAON-wt-dil,A4,MAON-templ-2,E4,25_dil,3,28,False,3_22&23_ib,0,96,4,,0,3,24,True,False,0,96,0,
2.5,MAON-wt-dil,B4,MAON-templ-2,E4,26_dil,3,28,False,3_22&23_ib,0,96,4,,0,3,25,True,False,0,96,1,
2.5,MAON-wt-dil,C4,MAON-templ-2,D4,27_dil,3,27,False,3_21&26_ib,0,96,3,,0,3,26,True,False,0,96,2,
2.5,MAON-wt-dil,D2,MAON-templ-2,F1,12_dil,0,5,False,2_14&18_ib,0,96,5,,0,1,11,True,False,0,96,3,
2.5,MAON-wt-dil,E2,MAON-templ-2,H1,13_dil,0,7,False,2_14&20_ib,0,96,7,,0,1,12,True,False,0,96,4,
2.5,MAON-wt-dil,F2,MAON-templ-2,D2,14_dil,1,11,False,2_15&19_ib,0,96,3,,0,1,13,True,False,0,96,5,
2.5,MAON-wt-dil,G2,MAON-templ-2,G1,15_dil,0,6,False,2_14&19_ib,0,96,6,,0,1,14,True,False,0,96,6,
2.5,MAON-wt-dil,H2,MAON-templ-2,G1,16_dil,0,6,False,2_14&19_ib,0,96,6,,0,1,15,True,False,0,96,7,
2.5,MAON-wt-dil,A3,MAON-templ-2,G1,17_dil,0,6,False,2_14&19_ib,0,96,6,,0,2,16,True,False,0,96,0,
2.5,MAON-wt-dil,B3,MAON-templ-2,G1,18_dil,0,6,False,2_14&19_ib,0,96,6,,0,2,17,True,False,0,96,1,
2.5,MAON-wt-dil,C3,MAON-templ-2,H1,19_dil,0,7,False,2_14&20_ib,0,96,7,,0,2,18,True,False,0,96,2,
2.5,MAON-wt-dil,F3,MAON-templ-2,B5,22_dil,4,33,False,3_23&25_ib,0,96,1,,0,2,21,True,False,0,96,5,
2.5,MAON-wt-dil,G3,MAON-templ-2,G4,23_dil,3,30,False,3_22&25_ib,0,96,6,,0,2,22,True,False,0,96,6,
2.5,MAON-wt-dil,H3,MAON-templ-2,G4,24_dil,3,30,False,3_22&25_ib,0,96,6,,0,2,23,True,False,0,96,7,
2.5,MAON-wt-dil,A4,MAON-templ-2,F4,25_dil,3,29,False,3_22&24_ib,0,96,5,,0,3,24,True,False,0,96,0,
2.5,MAON-wt-dil,B4,MAON-templ-2,F4,26_dil,3,29,False,3_22&24_ib,0,96,5,,0,3,25,True,False,0,96,1,
2.5,MAON-wt-dil,C4,MAON-templ-2,E4,27_dil,3,28,False,3_22&23_ib,0,96,4,,0,3,26,True,False,0,96,2,
2.5,MAON-wt-dil,D2,MAON-templ-2,G1,12_dil,0,6,False,2_14&19_ib,0,96,6,,0,1,11,True,False,0,96,3,
2.5,MAON-wt-dil,E2,MAON-templ-2,A2,13_dil,1,8,False,2_15&16_ib,0,96,0,,0,1,12,True,False,0,96,4,
2.5,MAON-wt-dil,F2,MAON-templ-2,E2,14_dil,1,12,False,2_15&20_ib,0,96,4,,0,1,13,True,False,0,96,5,
2.5,MAON-wt-dil,G2,MAON-templ-2,H1,15_dil,0,7,False,2_14&20_ib,0,96,7,,0,1,14,True,False,0,96,6,
2.5,MAON-wt-dil,H2,MAON-templ-2,H1,16_dil,0,7,False,2_14&20_ib,0,96,7,,0,1,15,True,False,0,96,7,
2.5,MAON-wt-dil,A3,MAON-templ-2,H1,17_dil,0,7,False,2_14&20_ib,0,96,7,,0,2,16,True,False,0,96,0,
2.5,MAON-wt-dil,B3,MAON-templ-2,H1,18_dil,0,7,False,2_14&20_ib,0,96,7,,0,2,17,True,False,0,96,1,
2.5,MAON-wt-dil,C3,MAON-templ-2,A2,19_dil,1,8,False,2_15&16_ib,0,96,0,,0,2,18,True,False,0,96,2,
2.5,MAON-wt-dil,F3,MAON-templ-2,C5,22_dil,4,34,False,3_23&26_ib,0,96,2,,0,2,21,True,False,0,96,5,
2.5,MAON-wt-dil,G3,MAON-templ-2,H4,23_dil,3,31,False,3_22&26_ib,0,96,7,,0,2,22,True,False,0,96,6,
2.5,MAON-wt-dil,H3,MAON-templ-2,H4,24_dil,3,31,False,3_22&26_ib,0,96,7,,0,2,23,True,False,0,96,7,
2.5,MAON-wt-dil,A4,MAON-templ-2,H4,25_dil,3,31,False,3_22&26_ib,0,96,7,,0,3,24,True,False,0,96,0,
2.5,MAON-wt-dil,B4,MAON-templ-2,G4,26_dil,3,30,False,3_22&25_ib,0,96,6,,0,3,25,True,False,0,96,1,
2.5,MAON-wt-dil,C4,MAON-templ-2,F4,27_dil,3,29,False,3_22&24_ib,0,96,5,,0,3,26,True,False,0,96,2,
2.5,MAON-wt-dil,D2,MAON-templ-2,H1,12_dil,0,7,False,2_14&20_ib,0,96,7,,0,1,11,True,False,0,96,3,
2.5,MAON-wt-dil,E2,MAON-templ-2,B2,13_dil,1,9,False,2_15&17_ib,0,96,1,,0,1,12,True,False,0,96,4,
2.5,MAON-wt-dil,F2,MAON-templ-2,F2,14_dil,1,13,False,2_16&17_ib,0,96,5,,0,1,13,True,False,0,96,5,
2.5,MAON-wt-dil,G2,MAON-templ-2,F2,15_dil,1,13,False,2_16&17_ib,0,96,5,,0,1,14,True,False,0,96,6,
2.5,MAON-wt-dil,H2,MAON-templ-2,B2,16_dil,1,9,False,2_15&17_ib,0,96,1,,0,1,15,True,False,0,96,7,
2.5,MAON-wt-dil,A3,MAON-templ-2,A2,17_dil,1,8,False,2_15&16_ib,0,96,0,,0,2,16,True,False,0,96,0,
2.5,MAON-wt-dil,B3,MAON-templ-2,A2,18_dil,1,8,False,2_15&16_ib,0,96,0,,0,2,17,True,False,0,96,1,
2.5,MAON-wt-dil,C3,MAON-templ-2,B2,19_dil,1,9,False,2_15&17_ib,0,96,1,,0,2,18,True,False,0,96,2,
2.5,MAON-wt-dil,F3,MAON-templ-2,D5,22_dil,4,35,False,3_24&25_ib,0,96,3,,0,2,21,True,False,0,96,5,
2.5,MAON-wt-dil,G3,MAON-templ-2,D5,23_dil,4,35,False,3_24&25_ib,0,96,3,,0,2,22,True,False,0,96,6,
2.5,MAON-wt-dil,H3,MAON-templ-2,B5,24_dil,4,33,False,3_23&25_ib,0,96,1,,0,2,23,True,False,0,96,7,
2.5,MAON-wt-dil,A4,MAON-templ-2,A5,25_dil,4,32,False,3_23&24_ib,0,96,0,,0,3,24,True,False,0,96,0,
2.5,MAON-wt-dil,B4,MAON-templ-2,A5,26_dil,4,32,False,3_23&24_ib,0,96,0,,0,3,25,True,False,0,96,1,
2.5,MAON-wt-dil,C4,MAON-templ-2,G4,27_dil,3,30,False,3_22&25_ib,0,96,6,,0,3,26,True,False,0,96,2,
2.5,MAON-wt-dil,D2,MAON-templ-2,A2,12_dil,1,8,False,2_15&16_ib,0,96,0,,0,1,11,True,False,0,96,3,
2.5,MAON-wt-dil,E2,MAON-templ-2,C2,13_dil,1,10,False,2_15&18_ib,0,96,2,,0,1,12,True,False,0,96,4,
2.5,MAON-wt-dil,F2,MAON-templ-2,G2,14_dil,1,14,False,2_16&18_ib,0,96,6,,0,1,13,True,False,0,96,5,
2.5,MAON-wt-dil,G2,MAON-templ-2,G2,15_dil,1,14,False,2_16&18_ib,0,96,6,,0,1,14,True,False,0,96,6,
2.5,MAON-wt-dil,H2,MAON-templ-2,C2,16_dil,1,10,False,2_15&18_ib,0,96,2,,0,1,15,True,False,0,96,7,
2.5,MAON-wt-dil,A3,MAON-templ-2,C2,17_dil,1,10,False,2_15&18_ib,0,96,2,,0,2,16,True,False,0,96,0,
2.5,MAON-wt-dil,B3,MAON-templ-2,B2,18_dil,1,9,False,2_15&17_ib,0,96,1,,0,2,17,True,False,0,96,1,
2.5,MAON-wt-dil,C3,MAON-templ-2,C2,19_dil,1,10,False,2_15&18_ib,0,96,2,,0,2,18,True,False,0,96,2,
2.5,MAON-wt-dil,F3,MAON-templ-2,E5,22_dil,4,36,False,3_24&26_ib,0,96,4,,0,2,21,True,False,0,96,5,
2.5,MAON-wt-dil,G3,MAON-templ-2,E5,23_dil,4,36,False,3_24&26_ib,0,96,4,,0,2,22,True,False,0,96,6,
2.5,MAON-wt-dil,H3,MAON-templ-2,C5,24_dil,4,34,False,3_23&26_ib,0,96,2,,0,2,23,True,False,0,96,7,
2.5,MAON-wt-dil,A4,MAON-templ-2,C5,25_dil,4,34,False,3_23&26_ib,0,96,2,,0,3,24,True,False,0,96,0,
2.5,MAON-wt-dil,B4,MAON-templ-2,B5,26_dil,4,33,False,3_23&25_ib,0,96,1,,0,3,25,True,False,0,96,1,
2.5,MAON-wt-dil,C4,MAON-templ-2,H4,27_dil,3,31,False,3_22&26_ib,0,96,7,,0,3,26,True,False,0,96,2,
2.5,MAON-wt-dil,D2,MAON-templ-2,B2,12_dil,1,9,False,2_15&17_ib,0,96,1,,0,1,11,True,False,0,96,3,
2.5,MAON-wt-dil,E2,MAON-templ-2,D2,13_dil,1,11,False,2_15&19_ib,0,96,3,,0,1,12,True,False,0,96,4,
2.5,MAON-wt-dil,F2,MAON-templ-2,H2,14_dil,1,15,False,2_16&19_ib,0,96,7,,0,1,13,True,False,0,96,5,
2.5,MAON-wt-dil,G2,MAON-templ-2,H2,15_dil,1,15,False,2_16&19_ib,0,96,7,,0,1,14,True,False,0,96,6,
2.5,MAON-wt-dil,H2,MAON-templ-2,D2,16_dil,1,11,False,2_15&19_ib,0,96,3,,0,1,15,True,False,0,96,7,
2.5,MAON-wt-dil,A3,MAON-templ-2,D2,17_dil,1,11,False,2_15&19_ib,0,96,3,,0,2,16,True,False,0,96,0,
2.5,MAON-wt-dil,B3,MAON-templ-2,D2,18_dil,1,11,False,2_15&19_ib,0,96,3,,0,2,17,True,False,0,96,1,
2.5,MAON-wt-dil,C3,MAON-templ-2,E2,19_dil,1,12,False,2_15&20_ib,0,96,4,,0,2,18,True,False,0,96,2,
2.5,MAON-wt-dil,F3,MAON-templ-2,F5,22_dil,4,37,False,3_25&26_ib,0,96,5,,0,2,21,True,False,0,96,5,
2.5,MAON-wt-dil,G3,MAON-templ-2,F5,23_dil,4,37,False,3_25&26_ib,0,96,5,,0,2,22,True,False,0,96,6,
2.5,MAON-wt-dil,H3,MAON-templ-2,F5,24_dil,4,37,False,3_25&26_ib,0,96,5,,0,2,23,True,False,0,96,7,
2.5,MAON-wt-dil,A4,MAON-templ-2,E5,25_dil,4,36,False,3_24&26_ib,0,96,4,,0,3,24,True,False,0,96,0,
2.5,MAON-wt-dil,B4,MAON-templ-2,D5,26_dil,4,35,False,3_24&25_ib,0,96,3,,0,3,25,True,False,0,96,1,
2.5,MAON-wt-dil,C4,MAON-templ-2,A5,27_dil,4,32,False,3_23&24_ib,0,96,0,,0,3,26,True,False,0,96,2,
2.5,MAON-wt-dil,D2,MAON-templ-2,C2,12_dil,1,10,False,2_15&18_ib,0,96,2,,0,1,11,True,False,0,96,3,
2.5,MAON-wt-dil,E2,MAON-templ-2,E2,13_dil,1,12,False,2_15&20_ib,0,96,4,,0,1,12,True,False,0,96,4,
2.5,MAON-wt-dil,F2,MAON-templ-2,A3,14_dil,2,16,False,2_16&20_ib,0,96,0,,0,1,13,True,False,0,96,5,
2.5,MAON-wt-dil,G2,MAON-templ-2,A3,15_dil,2,16,False,2_16&20_ib,0,96,0,,0,1,14,True,False,0,96,6,
2.5,MAON-wt-dil,H2,MAON-templ-2,E2,16_dil,1,12,False,2_15&20_ib,0,96,4,,0,1,15,True,False,0,96,7,
2.5,MAON-wt-dil,A3,MAON-templ-2,E2,17_dil,1,12,False,2_15&20_ib,0,96,4,,0,2,16,True,False,0,96,0,
2.5,MAON-wt-dil,B3,MAON-templ-2,E2,18_dil,1,12,False,2_15&20_ib,0,96,4,,0,2,17,True,False,0,96,1,
2.5,MAON-wt-dil,C3,MAON-templ-2,F2,19_dil,1,13,False,2_16&17_ib,0,96,5,,0,2,18,True,False,0,96,2,
2.5,MAON-wt-dil,C4,MAON-templ-2,B5,27_dil,4,33,False,3_23&25_ib,0,96,1,,0,3,26,True,False,0,96,2,
2.5,MAON-wt-dil,D2,MAON-templ-2,D2,12_dil,1,11,False,2_15&19_ib,0,96,3,,0,1,11,True,False,0,96,3,
2.5,MAON-wt-dil,E2,MAON-templ-2,F2,13_dil,1,13,False,2_16&17_ib,0,96,5,,0,1,12,True,False,0,96,4,
2.5,MAON-wt-dil,F2,MAON-templ-2,B3,14_dil,2,17,False,2_17&18_ib,0,96,1,,0,1,13,True,False,0,96,5,
2.5,MAON-wt-dil,G2,MAON-templ-2,B3,15_dil,2,17,False,2_17&18_ib,0,96,1,,0,1,14,True,False,0,96,6,
2.5,MAON-wt-dil,H2,MAON-templ-2,B3,16_dil,2,17,False,2_17&18_ib,0,96,1,,0,1,15,True,False,0,96,7,
2.5,MAON-wt-dil,A3,MAON-templ-2,G2,17_dil,1,14,False,2_16&18_ib,0,96,6,,0,2,16,True,False,0,96,0,
2.5,MAON-wt-dil,B3,MAON-templ-2,F2,18_dil,1,13,False,2_16&17_ib,0,96,5,,0,2,17,True,False,0,96,1,
2.5,MAON-wt-dil,C3,MAON-templ-2,G2,19_dil,1,14,False,2_16&18_ib,0,96,6,,0,2,18,True,False,0,96,2,
2.5,MAON-wt-dil,C4,MAON-templ-2,C5,27_dil,4,34,False,3_23&26_ib,0,96,2,,0,3,26,True,False,0,96,2,
2.5,MAON-wt-dil,D2,MAON-templ-2,E2,12_dil,1,12,False,2_15&20_ib,0,96,4,,0,1,11,True,False,0,96,3,
2.5,MAON-wt-dil,E2,MAON-templ-2,G2,13_dil,1,14,False,2_16&18_ib,0,96,6,,0,1,12,True,False,0,96,4,
2.5,MAON-wt-dil,F2,MAON-templ-2,C3,14_dil,2,18,False,2_17&19_ib,0,96,2,,0,1,13,True,False,0,96,5,
2.5,MAON-wt-dil,G2,MAON-templ-2,C3,15_dil,2,18,False,2_17&19_ib,0,96,2,,0,1,14,True,False,0,96,6,
2.5,MAON-wt-dil,H2,MAON-templ-2,C3,16_dil,2,18,False,2_17&19_ib,0,96,2,,0,1,15,True,False,0,96,7,
2.5,MAON-wt-dil,A3,MAON-templ-2,H2,17_dil,1,15,False,2_16&19_ib,0,96,7,,0,2,16,True,False,0,96,0,
2.5,MAON-wt-dil,B3,MAON-templ-2,H2,18_dil,1,15,False,2_16&19_ib,0,96,7,,0,2,17,True,False,0,96,1,
2.5,MAON-wt-dil,C3,MAON-templ-2,A3,19_dil,2,16,False,2_16&20_ib,0,96,0,,0,2,18,True,False,0,96,2,
2.5,MAON-wt-dil,C4,MAON-templ-2,D5,27_dil,4,35,False,3_24&25_ib,0,96,3,,0,3,26,True,False,0,96,2,
2.5,MAON-wt-dil,D2,MAON-templ-2,F2,12_dil,1,13,False,2_16&17_ib,0,96,5,,0,1,11,True,False,0,96,3,
2.5,MAON-wt-dil,E2,MAON-templ-2,H2,13_dil,1,15,False,2_16&19_ib,0,96,7,,0,1,12,True,False,0,96,4,
2.5,MAON-wt-dil,F2,MAON-templ-2,D3,14_dil,2,19,False,2_17&20_ib,0,96,3,,0,1,13,True,False,0,96,5,
2.5,MAON-wt-dil,G2,MAON-templ-2,D3,15_dil,2,19,False,2_17&20_ib,0,96,3,,0,1,14,True,False,0,96,6,
2.5,MAON-wt-dil,H2,MAON-templ-2,D3,16_dil,2,19,False,2_17&20_ib,0,96,3,,0,1,15,True,False,0,96,7,
2.5,MAON-wt-dil,A3,MAON-templ-2,A3,17_dil,2,16,False,2_16&20_ib,0,96,0,,0,2,16,True,False,0,96,0,
2.5,MAON-wt-dil,B3,MAON-templ-2,A3,18_dil,2,16,False,2_16&20_ib,0,96,0,,0,2,17,True,False,0,96,1,
2.5,MAON-wt-dil,C3,MAON-templ-2,B3,19_dil,2,17,False,2_17&18_ib,0,96,1,,0,2,18,True,False,0,96,2,
2.5,MAON-wt-dil,C4,MAON-templ-2,E5,27_dil,4,36,False,3_24&26_ib,0,96,4,,0,3,26,True,False,0,96,2,
2.5,MAON-wt-dil,D2,MAON-templ-2,G2,12_dil,1,14,False,2_16&18_ib,0,96,6,,0,1,11,True,False,0,96,3,
2.5,MAON-wt-dil,E2,MAON-templ-2,A3,13_dil,2,16,False,2_16&20_ib,0,96,0,,0,1,12,True,False,0,96,4,
2.5,MAON-wt-dil,F2,MAON-templ-2,E3,14_dil,2,20,False,2_18&19_ib,0,96,4,,0,1,13,True,False,0,96,5,
2.5,MAON-wt-dil,G2,MAON-templ-2,E3,15_dil,2,20,False,2_18&19_ib,0,96,4,,0,1,14,True,False,0,96,6,
2.5,MAON-wt-dil,H2,MAON-templ-2,E3,16_dil,2,20,False,2_18&19_ib,0,96,4,,0,1,15,True,False,0,96,7,
2.5,MAON-wt-dil,A3,MAON-templ-2,E3,17_dil,2,20,False,2_18&19_ib,0,96,4,,0,2,16,True,False,0,96,0,
2.5,MAON-wt-dil,B3,MAON-templ-2,C3,18_dil,2,18,False,2_17&19_ib,0,96,2,,0,2,17,True,False,0,96,1,
2.5,MAON-wt-dil,C3,MAON-templ-2,D3,19_dil,2,19,False,2_17&20_ib,0,96,3,,0,2,18,True,False,0,96,2,
2.5,MAON-wt-dil,C4,MAON-templ-2,F5,27_dil,4,37,False,3_25&26_ib,0,96,5,,0,3,26,True,False,0,96,2,
2.5,MAON-wt-dil,D2,MAON-templ-2,H2,12_dil,1,15,False,2_16&19_ib,0,96,7,,0,1,11,True,False,0,96,3,
2.5,MAON-wt-dil,E2,MAON-templ-2,B3,13_dil,2,17,False,2_17&18_ib,0,96,1,,0,1,12,True,False,0,96,4,
2.5,MAON-wt-dil,F2,MAON-templ-2,F3,14_dil,2,21,False,2_18&20_ib,0,96,5,,0,1,13,True,False,0,96,5,
2.5,MAON-wt-dil,G2,MAON-templ-2,F3,15_dil,2,21,False,2_18&20_ib,0,96,5,,0,1,14,True,False,0,96,6,
2.5,MAON-wt-dil,H2,MAON-templ-2,F3,16_dil,2,21,False,2_18&20_ib,0,96,5,,0,1,15,True,False,0,96,7,
2.5,MAON-wt-dil,A3,MAON-templ-2,F3,17_dil,2,21,False,2_18&20_ib,0,96,5,,0,2,16,True,False,0,96,0,
2.5,MAON-wt-dil,B3,MAON-templ-2,D3,18_dil,2,19,False,2_17&20_ib,0,96,3,,0,2,17,True,False,0,96,1,
2.5,MAON-wt-dil,C3,MAON-templ-2,F3,19_dil,2,21,False,2_18&20_ib,0,96,5,,0,2,18,True,False,0,96,2,
2.5,MAON-wt-dil,D2,MAON-templ-2,A3,12_dil,2,16,False,2_16&20_ib,0,96,0,,0,1,11,True,False,0,96,3,
2.5,MAON-wt-dil,E2,MAON-templ-2,C3,13_dil,2,18,False,2_17&19_ib,0,96,2,,0,1,12,True,False,0,96,4,
2.5,MAON-wt-dil,F2,MAON-templ-2,G3,14_dil,2,22,False,2_19&20_ib,0,96,6,,0,1,13,True,False,0,96,5,
2.5,MAON-wt-dil,G2,MAON-templ-2,G3,15_dil,2,22,False,2_19&20_ib,0,96,6,,0,1,14,True,False,0,96,6,
2.5,MAON-wt-dil,H2,MAON-templ-2,G3,16_dil,2,22,False,2_19&20_ib,0,96,6,,0,1,15,True,False,0,96,7,
2.5,MAON-wt-dil,A3,MAON-templ-2,G3,17_dil,2,22,False,2_19&20_ib,0,96,6,,0,2,16,True,False,0,96,0,
2.5,MAON-wt-dil,B3,MAON-templ-2,G3,18_dil,2,22,False,2_19&20_ib,0,96,6,,0,2,17,True,False,0,96,1,
2.5,MAON-wt-dil,D2,MAON-templ-2,B3,12_dil,2,17,False,2_17&18_ib,0,96,1,,0,1,11,True,False,0,96,3,
2.5,MAON-wt-dil,E2,MAON-templ-2,D3,13_dil,2,19,False,2_17&20_ib,0,96,3,,0,1,12,True,False,0,96,4,
2.5,MAON-wt-dil,D2,MAON-templ-2,C3,12_dil,2,18,False,2_17&19_ib,0,96,2,,0,1,11,True,False,0,96,3,
2.5,MAON-wt-dil,E2,MAON-templ-2,E3,13_dil,2,20,False,2_18&19_ib,0,96,4,,0,1,12,True,False,0,96,4,
2.5,MAON-wt-dil,D2,MAON-templ-2,D3,12_dil,2,19,False,2_17&20_ib,0,96,3,,0,1,11,True,False,0,96,3,
2.5,MAON-wt-dil,E2,MAON-templ-2,F3,13_dil,2,21,False,2_18&20_ib,0,96,5,,0,1,12,True,False,0,96,4,
2.5,MAON-wt-dil,D2,MAON-templ-2,E3,12_dil,2,20,False,2_18&19_ib,0,96,4,,0,1,11,True,False,0,96,3,
2.5,MAON-wt-dil,E2,MAON-templ-2,G3,13_dil,2,22,False,2_19&20_ib,0,96,6,,0,1,12,True,False,0,96,4,
2.5,MAON-wt-dil,D2,MAON-templ-2,F3,12_dil,2,21,False,2_18&20_ib,0,96,5,,0,1,11,True,False,0,96,3,
2.5,MAON-wt-dil,D2,MAON-templ-2,G3,12_dil,2,22,False,2_19&20_ib,0,96,6,,0,1,11,True,False,0,96,3,
