Volume,SourcePlateBarcode,SourcePlateWell,DestinationPlateBarcode,DestinationPlateWell,ComponentName,dest_col,dest_idx,dest_is_reagent,dest_name,dest_pipette_idx,dest_plate_size,dest_row,dest_well_fixed,level,src_col,src_idx,src_is_input,src_is_reagent,src_pipette_idx,src_plate_size,src_row,src_well_fixed
5.0,MAON-mut-pl,B1,MAON-templ,E1,2m,0,4,False,1_2_ib,0,96,4,,0,0,1,True,False,0,96,1,
5.0,MAON-mut-pl,C1,MAON-templ,F1,3m,0,5,False,1_3_ib,0,96,5,,0,0,2,True,False,0,96,2,
5.0,MAON-mut-pl,D1,MAON-templ,G1,4m,0,6,False,1_4_ib,0,96,6,,0,0,3,True,False,0,96,3,
5.0,MAON-mut-pl,E1,MAON-templ,H1,5m,0,7,False,1_5_ib,0,96,7,,0,0,4,True,False,0,96,4,
5.0,MAON-mut-pl,F1,MAON-templ,A2,6m,1,8,False,1_6_ib,0,96,0,,0,0,5,True,False,0,96,5,
5.0,MAON-mut-pl,G1,MAON-templ,B2,7m,1,9,False,1_7_ib,0,96,1,,0,0,6,True,False,0,96,6,
5.0,MAON-mut-pl,H1,MAON-templ,C2,8m,1,10,False,1_8_ib,0,96,2,,0,0,7,True,False,0,96,7,
5.0,MAON-mut-pl,A2,MAON-templ,D2,9m,1,11,False,1_9_ib,0,96,3,,0,1,8,True,False,0,96,0,
5.0,MAON-mut-pl,D2,MAON-templ,G2,12m,1,14,False,2_12_ib,0,96,6,,0,1,11,True,False,0,96,3,
5.0,MAON-mut-pl,E2,MAON-templ,H2,13m,1,15,False,2_13_ib,0,96,7,,0,1,12,True,False,0,96,4,
5.0,MAON-mut-pl,F2,MAON-templ,A3,14m,2,16,False,2_14_ib,0,96,0,,0,1,13,True,False,0,96,5,
5.0,MAON-mut-pl,G2,MAON-templ,B3,15m,2,17,False,2_15_ib,0,96,1,,0,1,14,True,False,0,96,6,
5.0,MAON-mut-pl,H2,MAON-templ,C3,16m,2,18,False,2_16_ib,0,96,2,,0,1,15,True,False,0,96,7,
5.0,MAON-mut-pl,A3,MAON-templ,D3,17m,2,19,False,2_17_ib,0,96,3,,0,2,16,True,False,0,96,0,
5.0,MAON-mut-pl,B3,MAON-templ,E3,18m,2,20,False,2_18_ib,0,96,4,,0,2,17,True,False,0,96,1,
5.0,MAON-mut-pl,C3,MAON-templ,F3,19m,2,21,False,2_19_ib,0,96,5,,0,2,18,True,False,0,96,2,
5.0,MAON-mut-pl,F3,MAON-templ,A4,22m,3,24,False,3_22_ib,0,96,0,,0,2,21,True,False,0,96,5,
5.0,MAON-mut-pl,G3,MAON-templ,B4,23m,3,25,False,3_23_ib,0,96,1,,0,2,22,True,False,0,96,6,
5.0,MAON-mut-pl,H3,MAON-templ,C4,24m,3,26,False,3_24_ib,0,96,2,,0,2,23,True,False,0,96,7,
5.0,MAON-mut-pl,A4,MAON-templ,D4,25m,3,27,False,3_25_ib,0,96,3,,0,3,24,True,False,0,96,0,
5.0,MAON-mut-pl,B4,MAON-templ,E4,26m,3,28,False,3_26_ib,0,96,4,,0,3,25,True,False,0,96,1,
5.0,MAON-mut-pl,B1,MAON-templ,F4,2m,3,29,False,1_1&2_ib,0,96,5,,0,0,1,True,False,0,96,1,
5.0,MAON-mut-pl,C1,MAON-templ,G4,3m,3,30,False,1_1&3_ib,0,96,6,,0,0,2,True,False,0,96,2,
5.0,MAON-mut-pl,D1,MAON-templ,H4,4m,3,31,False,1_1&4_ib,0,96,7,,0,0,3,True,False,0,96,3,
5.0,MAON-mut-pl,E1,MAON-templ,A5,5m,4,32,False,1_1&5_ib,0,96,0,,0,0,4,True,False,0,96,4,
5.0,MAON-mut-pl,F1,MAON-templ,B5,6m,4,33,False,1_1&6_ib,0,96,1,,0,0,5,True,False,0,96,5,
5.0,MAON-mut-pl,G1,MAON-templ,C5,7m,4,34,False,1_1&7_ib,0,96,2,,0,0,6,True,False,0,96,6,
5.0,MAON-mut-pl,H1,MAON-templ,D5,8m,4,35,False,1_1&8_ib,0,96,3,,0,0,7,True,False,0,96,7,
5.0,MAON-mut-pl,A2,MAON-templ,E5,9m,4,36,False,1_1&9_ib,0,96,4,,0,1,8,True,False,0,96,0,
5.0,MAON-mut-pl,D2,MAON-templ,C10,12m,9,74,False,2_11&12_ib,0,96,2,,0,1,11,True,False,0,96,3,
5.0,MAON-mut-pl,E2,MAON-templ,D10,13m,9,75,False,2_11&13_ib,0,96,3,,0,1,12,True,False,0,96,4,
5.0,MAON-mut-pl,F2,MAON-templ,E10,14m,9,76,False,2_11&14_ib,0,96,4,,0,1,13,True,False,0,96,5,
5.0,MAON-mut-pl,G2,MAON-templ,F10,15m,9,77,False,2_11&15_ib,0,96,5,,0,1,14,True,False,0,96,6,
5.0,MAON-mut-pl,H2,MAON-templ,G10,16m,9,78,False,2_11&16_ib,0,96,6,,0,1,15,True,False,0,96,7,
5.0,MAON-mut-pl,A3,MAON-templ,H10,17m,9,79,False,2_11&17_ib,0,96,7,,0,2,16,True,False,0,96,0,
5.0,MAON-mut-pl,B3,MAON-templ,A11,18m,10,80,False,2_11&18_ib,0,96,0,,0,2,17,True,False,0,96,1,
5.0,MAON-mut-pl,C3,MAON-templ,B11,19m,10,81,False,2_11&19_ib,0,96,1,,0,2,18,True,False,0,96,2,
5.0,MAON-mut-pl,B1,MAON-templ,G5,2m,4,38,False,1_2&3_ib,0,96,6,,0,0,1,True,False,0,96,1,
5.0,MAON-mut-pl,C1,MAON-templ,G5,3m,4,38,False,1_2&3_ib,0,96,6,,0,0,2,True,False,0,96,2,
5.0,MAON-mut-pl,D1,MAON-templ,H5,4m,4,39,False,1_2&4_ib,0,96,7,,0,0,3,True,False,0,96,3,
5.0,MAON-mut-pl,E1,MAON-templ,A6,5m,5,40,False,1_2&5_ib,0,96,0,,0,0,4,True,False,0,96,4,
5.0,MAON-mut-pl,F1,MAON-templ,B6,6m,5,41,False,1_2&6_ib,0,96,1,,0,0,5,True,False,0,96,5,
5.0,MAON-mut-pl,G1,MAON-templ,C6,7m,5,42,False,1_2&7_ib,0,96,2,,0,0,6,True,False,0,96,6,
5.0,MAON-mut-pl,H1,MAON-templ,D6,8m,5,43,False,1_2&8_ib,0,96,3,,0,0,7,True,False,0,96,7,
5.0,MAON-mut-pl,A2,MAON-templ,E6,9m,5,44,False,1_2&9_ib,0,96,4,,0,1,8,True,False,0,96,0,
5.0,MAON-mut-pl,D2,MAON-templ,D11,12m,10,83,False,2_12&13_ib,0,96,3,,0,1,11,True,False,0,96,3,
5.0,MAON-mut-pl,E2,MAON-templ,D11,13m,10,83,False,2_12&13_ib,0,96,3,,0,1,12,True,False,0,96,4,
5.0,MAON-mut-pl,F2,MAON-templ,E11,14m,10,84,False,2_12&14_ib,0,96,4,,0,1,13,True,False,0,96,5,
5.0,MAON-mut-pl,G2,MAON-templ,F11,15m,10,85,False,2_12&15_ib,0,96,5,,0,1,14,True,False,0,96,6,
5.0,MAON-mut-pl,H2,MAON-templ,G11,16m,10,86,False,2_12&16_ib,0,96,6,,0,1,15,True,False,0,96,7,
5.0,MAON-mut-pl,A3,MAON-templ,H11,17m,10,87,False,2_12&17_ib,0,96,7,,0,2,16,True,False,0,96,0,
5.0,MAON-mut-pl,B3,MAON-templ,A12,18m,11,88,False,2_12&18_ib,0,96,0,,0,2,17,True,False,0,96,1,
5.0,MAON-mut-pl,C3,MAON-templ,B12,19m,11,89,False,2_12&19_ib,0,96,1,,0,2,18,True,False,0,96,2,
5.0,MAON-mut-pl,B1,MAON-templ,H5,2m,4,39,False,1_2&4_ib,0,96,7,,0,0,1,True,False,0,96,1,
5.0,MAON-mut-pl,C1,MAON-templ,G6,3m,5,46,False,1_3&4_ib,0,96,6,,0,0,2,True,False,0,96,2,
5.0,MAON-mut-pl,D1,MAON-templ,G6,4m,5,46,False,1_3&4_ib,0,96,6,,0,0,3,True,False,0,96,3,
5.0,MAON-mut-pl,E1,MAON-templ,H6,5m,5,47,False,1_3&5_ib,0,96,7,,0,0,4,True,False,0,96,4,
5.0,MAON-mut-pl,F1,MAON-templ,A7,6m,6,48,False,1_3&6_ib,0,96,0,,0,0,5,True,False,0,96,5,
5.0,MAON-mut-pl,G1,MAON-templ,B7,7m,6,49,False,1_3&7_ib,0,96,1,,0,0,6,True,False,0,96,6,
5.0,MAON-mut-pl,H1,MAON-templ,C7,8m,6,50,False,1_3&8_ib,0,96,2,,0,0,7,True,False,0,96,7,
5.0,MAON-mut-pl,A2,MAON-templ,D7,9m,6,51,False,1_3&9_ib,0,96,3,,0,1,8,True,False,0,96,0,
5.0,MAON-mut-pl,D2,MAON-templ,E11,12m,10,84,False,2_12&14_ib,0,96,4,,0,1,11,True,False,0,96,3,
5.0,MAON-mut-pl,E2,MAON-templ,D12,13m,11,91,False,2_13&14_ib,0,96,3,,0,1,12,True,False,0,96,4,
5.0,MAON-mut-pl,F2,MAON-templ,D12,14m,11,91,False,2_13&14_ib,0,96,3,,0,1,13,True,False,0,96,5,
5.0,MAON-mut-pl,G2,MAON-templ,E12,15m,11,92,False,2_13&15_ib,0,96,4,,0,1,14,True,False,0,96,6,
5.0,MAON-mut-pl,H2,MAON-templ,F12,16m,11,93,False,2_13&16_ib,0,96,5,,0,1,15,True,False,0,96,7,
5.0,MAON-mut-pl,A3,MAON-templ,G12,17m,11,94,False,2_13&17_ib,0,96,6,,0,2,16,True,False,0,96,0,
5.0,MAON-mut-pl,B3,MAON-templ,H12,18m,11,95,False,2_13&18_ib,0,96,7,,0,2,17,True,False,0,96,1,
5.0,MAON-mut-pl,B1,MAON-templ,A6,2m,5,40,False,1_2&5_ib,0,96,0,,0,0,1,True,False,0,96,1,
5.0,MAON-mut-pl,C1,MAON-templ,H6,3m,5,47,False,1_3&5_ib,0,96,7,,0,0,2,True,False,0,96,2,
5.0,MAON-mut-pl,D1,MAON-templ,F7,4m,6,53,False,1_4&5_ib,0,96,5,,0,0,3,True,False,0,96,3,
5.0,MAON-mut-pl,E1,MAON-templ,F7,5m,6,53,False,1_4&5_ib,0,96,5,,0,0,4,True,False,0,96,4,
5.0,MAON-mut-pl,F1,MAON-templ,G7,6m,6,54,False,1_4&6_ib,0,96,6,,0,0,5,True,False,0,96,5,
5.0,MAON-mut-pl,G1,MAON-templ,H7,7m,6,55,False,1_4&7_ib,0,96,7,,0,0,6,True,False,0,96,6,
5.0,MAON-mut-pl,H1,MAON-templ,A8,8m,7,56,False,1_4&8_ib,0,96,0,,0,0,7,True,False,0,96,7,
5.0,MAON-mut-pl,A2,MAON-templ,B8,9m,7,57,False,1_4&9_ib,0,96,1,,0,1,8,True,False,0,96,0,
5.0,MAON-mut-pl,D2,MAON-templ,F11,12m,10,85,False,2_12&15_ib,0,96,5,,0,1,11,True,False,0,96,3,
5.0,MAON-mut-pl,E2,MAON-templ,E12,13m,11,92,False,2_13&15_ib,0,96,4,,0,1,12,True,False,0,96,4,
5.0,MAON-mut-pl,B1,MAON-templ,B6,2m,5,41,False,1_2&6_ib,0,96,1,,0,0,1,True,False,0,96,1,
5.0,MAON-mut-pl,C1,MAON-templ,A7,3m,6,48,False,1_3&6_ib,0,96,0,,0,0,2,True,False,0,96,2,
5.0,MAON-mut-pl,D1,MAON-templ,G7,4m,6,54,False,1_4&6_ib,0,96,6,,0,0,3,True,False,0,96,3,
5.0,MAON-mut-pl,E1,MAON-templ,D8,5m,7,59,False,1_5&6_ib,0,96,3,,0,0,4,True,False,0,96,4,
5.0,MAON-mut-pl,F1,MAON-templ,D8,6m,7,59,False,1_5&6_ib,0,96,3,,0,0,5,True,False,0,96,5,
5.0,MAON-mut-pl,G1,MAON-templ,E8,7m,7,60,False,1_5&7_ib,0,96,4,,0,0,6,True,False,0,96,6,
5.0,MAON-mut-pl,H1,MAON-templ,F8,8m,7,61,False,1_5&8_ib,0,96,5,,0,0,7,True,False,0,96,7,
5.0,MAON-mut-pl,A2,MAON-templ,G8,9m,7,62,False,1_5&9_ib,0,96,6,,0,1,8,True,False,0,96,0,
5.0,MAON-mut-pl,D2,MAON-templ,G11,12m,10,86,False,2_12&16_ib,0,96,6,,0,1,11,True,False,0,96,3,
5.0,MAON-mut-pl,E2,MAON-templ,F12,13m,11,93,False,2_13&16_ib,0,96,5,,0,1,12,True,False,0,96,4,
5.0,MAON-mut-pl,B1,MAON-templ,C6,2m,5,42,False,1_2&7_ib,0,96,2,,0,0,1,True,False,0,96,1,
5.0,MAON-mut-pl,C1,MAON-templ,B7,3m,6,49,False,1_3&7_ib,0,96,1,,0,0,2,True,False,0,96,2,
5.0,MAON-mut-pl,D1,MAON-templ,H7,4m,6,55,False,1_4&7_ib,0,96,7,,0,0,3,True,False,0,96,3,
5.0,MAON-mut-pl,E1,MAON-templ,E8,5m,7,60,False,1_5&7_ib,0,96,4,,0,0,4,True,False,0,96,4,
5.0,MAON-mut-pl,F1,MAON-templ,A9,6m,8,64,False,1_6&7_ib,0,96,0,,0,0,5,True,False,0,96,5,
5.0,MAON-mut-pl,G1,MAON-templ,A9,7m,8,64,False,1_6&7_ib,0,96,0,,0,0,6,True,False,0,96,6,
5.0,MAON-mut-pl,H1,MAON-templ,B9,8m,8,65,False,1_6&8_ib,0,96,1,,0,0,7,True,False,0,96,7,
5.0,MAON-mut-pl,A2,MAON-templ,C9,9m,8,66,False,1_6&9_ib,0,96,2,,0,1,8,True,False,0,96,0,
5.0,MAON-mut-pl,D2,MAON-templ,H11,12m,10,87,False,2_12&17_ib,0,96,7,,0,1,11,True,False,0,96,3,
5.0,MAON-mut-pl,E2,MAON-templ,G12,13m,11,94,False,2_13&17_ib,0,96,6,,0,1,12,True,False,0,96,4,
5.0,MAON-mut-pl,B1,MAON-templ,D6,2m,5,43,False,1_2&8_ib,0,96,3,,0,0,1,True,False,0,96,1,
5.0,MAON-mut-pl,C1,MAON-templ,C7,3m,6,50,False,1_3&8_ib,0,96,2,,0,0,2,True,False,0,96,2,
5.0,MAON-mut-pl,D1,MAON-templ,A8,4m,7,56,False,1_4&8_ib,0,96,0,,0,0,3,True,False,0,96,3,
5.0,MAON-mut-pl,E1,MAON-templ,F8,5m,7,61,False,1_5&8_ib,0,96,5,,0,0,4,True,False,0,96,4,
5.0,MAON-mut-pl,F1,MAON-templ,B9,6m,8,65,False,1_6&8_ib,0,96,1,,0,0,5,True,False,0,96,5,
5.0,MAON-mut-pl,G1,MAON-templ,E9,7m,8,68,False,1_7&8_ib,0,96,4,,0,0,6,True,False,0,96,6,
5.0,MAON-mut-pl,H1,MAON-templ,E9,8m,8,68,False,1_7&8_ib,0,96,4,,0,0,7,True,False,0,96,7,
5.0,MAON-mut-pl,A2,MAON-templ,F9,9m,8,69,False,1_7&9_ib,0,96,5,,0,1,8,True,False,0,96,0,
5.0,MAON-mut-pl,D2,MAON-templ,A12,12m,11,88,False,2_12&18_ib,0,96,0,,0,1,11,True,False,0,96,3,
5.0,MAON-mut-pl,E2,MAON-templ,H12,13m,11,95,False,2_13&18_ib,0,96,7,,0,1,12,True,False,0,96,4,
5.0,MAON-mut-pl,B1,MAON-templ,E6,2m,5,44,False,1_2&9_ib,0,96,4,,0,0,1,True,False,0,96,1,
5.0,MAON-mut-pl,C1,MAON-templ,D7,3m,6,51,False,1_3&9_ib,0,96,3,,0,0,2,True,False,0,96,2,
5.0,MAON-mut-pl,D1,MAON-templ,B8,4m,7,57,False,1_4&9_ib,0,96,1,,0,0,3,True,False,0,96,3,
5.0,MAON-mut-pl,E1,MAON-templ,G8,5m,7,62,False,1_5&9_ib,0,96,6,,0,0,4,True,False,0,96,4,
5.0,MAON-mut-pl,F1,MAON-templ,C9,6m,8,66,False,1_6&9_ib,0,96,2,,0,0,5,True,False,0,96,5,
5.0,MAON-mut-pl,G1,MAON-templ,F9,7m,8,69,False,1_7&9_ib,0,96,5,,0,0,6,True,False,0,96,6,
5.0,MAON-mut-pl,H1,MAON-templ,H9,8m,8,71,False,1_8&9_ib,0,96,7,,0,0,7,True,False,0,96,7,
5.0,MAON-mut-pl,A2,MAON-templ,H9,9m,8,71,False,1_8&9_ib,0,96,7,,0,1,8,True,False,0,96,0,
5.0,MAON-mut-pl,D2,MAON-templ,B12,12m,11,89,False,2_12&19_ib,0,96,1,,0,1,11,True,False,0,96,3,
5.0,MAON-mut-pl,B1,MAON-templ,F6,2m,5,45,False,1_2&10_ib,0,96,5,,0,0,1,True,False,0,96,1,
5.0,MAON-mut-pl,C1,MAON-templ,E7,3m,6,52,False,1_3&10_ib,0,96,4,,0,0,2,True,False,0,96,2,
5.0,MAON-mut-pl,D1,MAON-templ,C8,4m,7,58,False,1_4&10_ib,0,96,2,,0,0,3,True,False,0,96,3,
5.0,MAON-mut-pl,E1,MAON-templ,H8,5m,7,63,False,1_5&10_ib,0,96,7,,0,0,4,True,False,0,96,4,
5.0,MAON-mut-pl,F1,MAON-templ,D9,6m,8,67,False,1_6&10_ib,0,96,3,,0,0,5,True,False,0,96,5,
5.0,MAON-mut-pl,G1,MAON-templ,G9,7m,8,70,False,1_7&10_ib,0,96,6,,0,0,6,True,False,0,96,6,
5.0,MAON-mut-pl,H1,MAON-templ,A10,8m,9,72,False,1_8&10_ib,0,96,0,,0,0,7,True,False,0,96,7,
5.0,MAON-mut-pl,A2,MAON-templ,B10,9m,9,73,False,1_9&10_ib,0,96,1,,0,1,8,True,False,0,96,0,
5.0,MAON-mut-pl,D2,MAON-templ,C12,12m,11,90,False,2_12&20_ib,0,96,2,,0,1,11,True,False,0,96,3,
2.5,MAON-wt-dil,B1,MAON-templ,A1,2_dil,0,0,False,1_wt_ib,0,96,0,,0,0,1,True,False,0,96,1,
2.5,MAON-wt-dil,C1,MAON-templ,A1,3_dil,0,0,False,1_wt_ib,0,96,0,,0,0,2,True,False,0,96,2,
2.5,MAON-wt-dil,D1,MAON-templ,A1,4_dil,0,0,False,1_wt_ib,0,96,0,,0,0,3,True,False,0,96,3,
2.5,MAON-wt-dil,E1,MAON-templ,A1,5_dil,0,0,False,1_wt_ib,0,96,0,,0,0,4,True,False,0,96,4,
2.5,MAON-wt-dil,F1,MAON-templ,A1,6_dil,0,0,False,1_wt_ib,0,96,0,,0,0,5,True,False,0,96,5,
2.5,MAON-wt-dil,G1,MAON-templ,A1,7_dil,0,0,False,1_wt_ib,0,96,0,,0,0,6,True,False,0,96,6,
2.5,MAON-wt-dil,H1,MAON-templ,A1,8_dil,0,0,False,1_wt_ib,0,96,0,,0,0,7,True,False,0,96,7,
2.5,MAON-wt-dil,A2,MAON-templ,A1,9_dil,0,0,False,1_wt_ib,0,96,0,,0,1,8,True,False,0,96,0,
2.5,MAON-wt-dil,D2,MAON-templ,B1,12_dil,0,1,False,2_wt_ib,0,96,1,,0,1,11,True,False,0,96,3,
2.5,MAON-wt-dil,E2,MAON-templ,B1,13_dil,0,1,False,2_wt_ib,0,96,1,,0,1,12,True,False,0,96,4,
2.5,MAON-wt-dil,F2,MAON-templ,B1,14_dil,0,1,False,2_wt_ib,0,96,1,,0,1,13,True,False,0,96,5,
2.5,MAON-wt-dil,G2,MAON-templ,B1,15_dil,0,1,False,2_wt_ib,0,96,1,,0,1,14,True,False,0,96,6,
2.5,MAON-wt-dil,H2,MAON-templ,B1,16_dil,0,1,False,2_wt_ib,0,96,1,,0,1,15,True,False,0,96,7,
2.5,MAON-wt-dil,A3,MAON-templ,B1,17_dil,0,1,False,2_wt_ib,0,96,1,,0,2,16,True,False,0,96,0,
2.5,MAON-wt-dil,B3,MAON-templ,B1,18_dil,0,1,False,2_wt_ib,0,96,1,,0,2,17,True,False,0,96,1,
2.5,MAON-wt-dil,C3,MAON-templ,B1,19_dil,0,1,False,2_wt_ib,0,96,1,,0,2,18,True,False,0,96,2,
2.5,MAON-wt-dil,F3,MAON-templ,C1,22_dil,0,2,False,3_wt_ib,0,96,2,,0,2,21,True,False,0,96,5,
2.5,MAON-wt-dil,G3,MAON-templ,C1,23_dil,0,2,False,3_wt_ib,0,96,2,,0,2,22,True,False,0,96,6,
2.5,MAON-wt-dil,H3,MAON-templ,C1,24_dil,0,2,False,3_wt_ib,0,96,2,,0,2,23,True,False,0,96,7,
2.5,MAON-wt-dil,A4,MAON-templ,C1,25_dil,0,2,False,3_wt_ib,0,96,2,,0,3,24,True,False,0,96,0,
2.5,MAON-wt-dil,B4,MAON-templ,C1,26_dil,0,2,False,3_wt_ib,0,96,2,,0,3,25,True,False,0,96,1,
2.5,MAON-wt-dil,C4,MAON-templ,C1,27_dil,0,2,False,3_wt_ib,0,96,2,,0,3,26,True,False,0,96,2,
2.5,MAON-wt-dil,B1,MAON-templ,D1,2_dil,0,3,False,1_1_ib,0,96,3,,0,0,1,True,False,0,96,1,
2.5,MAON-wt-dil,C1,MAON-templ,D1,3_dil,0,3,False,1_1_ib,0,96,3,,0,0,2,True,False,0,96,2,
2.5,MAON-wt-dil,D1,MAON-templ,D1,4_dil,0,3,False,1_1_ib,0,96,3,,0,0,3,True,False,0,96,3,
2.5,MAON-wt-dil,E1,MAON-templ,D1,5_dil,0,3,False,1_1_ib,0,96,3,,0,0,4,True,False,0,96,4,
2.5,MAON-wt-dil,F1,MAON-templ,D1,6_dil,0,3,False,1_1_ib,0,96,3,,0,0,5,True,False,0,96,5,
2.5,MAON-wt-dil,G1,MAON-templ,D1,7_dil,0,3,False,1_1_ib,0,96,3,,0,0,6,True,False,0,96,6,
2.5,MAON-wt-dil,H1,MAON-templ,D1,8_dil,0,3,False,1_1_ib,0,96,3,,0,0,7,True,False,0,96,7,
2.5,MAON-wt-dil,A2,MAON-templ,D1,9_dil,0,3,False,1_1_ib,0,96,3,,0,1,8,True,False,0,96,0,
2.5,MAON-wt-dil,D2,MAON-templ,F2,12_dil,1,13,False,2_11_ib,0,96,5,,0,1,11,True,False,0,96,3,
2.5,MAON-wt-dil,E2,MAON-templ,F2,13_dil,1,13,False,2_11_ib,0,96,5,,0,1,12,True,False,0,96,4,
2.5,MAON-wt-dil,F2,MAON-templ,F2,14_dil,1,13,False,2_11_ib,0,96,5,,0,1,13,True,False,0,96,5,
2.5,MAON-wt-dil,G2,MAON-templ,F2,15_dil,1,13,False,2_11_ib,0,96,5,,0,1,14,True,False,0,96,6,
2.5,MAON-wt-dil,H2,MAON-templ,F2,16_dil,1,13,False,2_11_ib,0,96,5,,0,1,15,True,False,0,96,7,
2.5,MAON-wt-dil,A3,MAON-templ,F2,17_dil,1,13,False,2_11_ib,0,96,5,,0,2,16,True,False,0,96,0,
2.5,MAON-wt-dil,B3,MAON-templ,F2,18_dil,1,13,False,2_11_ib,0,96,5,,0,2,17,True,False,0,96,1,
2.5,MAON-wt-dil,C3,MAON-templ,F2,19_dil,1,13,False,2_11_ib,0,96,5,,0,2,18,True,False,0,96,2,
2.5,MAON-wt-dil,F3,MAON-templ,H3,22_dil,2,23,False,3_21_ib,0,96,7,,0,2,21,True,False,0,96,5,
2.5,MAON-wt-dil,G3,MAON-templ,H3,23_dil,2,23,False,3_21_ib,0,96,7,,0,2,22,True,False,0,96,6,
2.5,MAON-wt-dil,H3,MAON-templ,H3,24_dil,2,23,False,3_21_ib,0,96,7,,0,2,23,True,False,0,96,7,
2.5,MAON-wt-dil,A4,MAON-templ,H3,25_dil,2,23,False,3_21_ib,0,96,7,,0,3,24,True,False,0,96,0,
2.5,MAON-wt-dil,B4,MAON-templ,H3,26_dil,2,23,False,3_21_ib,0,96,7,,0,3,25,True,False,0,96,1,
2.5,MAON-wt-dil,C4,MAON-templ,H3,27_dil,2,23,False,3_21_ib,0,96,7,,0,3,26,True,False,0,96,2,
2.5,MAON-wt-dil,B1,MAON-templ,F1,2_dil,0,5,False,1_3_ib,0,96,5,,0,0,1,True,False,0,96,1,
2.5,MAON-wt-dil,C1,MAON-templ,E1,3_dil,0,4,False,1_2_ib,0,96,4,,0,0,2,True,False,0,96,2,
2.5,MAON-wt-dil,D1,MAON-templ,E1,4_dil,0,4,False,1_2_ib,0,96,4,,0,0,3,True,False,0,96,3,
2.5,MAON-wt-dil,E1,MAON-templ,E1,5_dil,0,4,False,1_2_ib,0,96,4,,0,0,4,True,False,0,96,4,
2.5,MAON-wt-dil,F1,MAON-templ,E1,6_dil,0,4,False,1_2_ib,0,96,4,,0,0,5,True,False,0,96,5,
2.5,MAON-wt-dil,G1,MAON-templ,E1,7_dil,0,4,False,1_2_ib,0,96,4,,0,0,6,True,False,0,96,6,
2.5,MAON-wt-dil,H1,MAON-templ,E1,8_dil,0,4,False,1_2_ib,0,96,4,,0,0,7,True,False,0,96,7,
2.5,MAON-wt-dil,A2,MAON-templ,E1,9_dil,0,4,False,1_2_ib,0,96,4,,0,1,8,True,False,0,96,0,
2.5,MAON-wt-dil,D2,MAON-templ,H2,12_dil,1,15,False,2_13_ib,0,96,7,,0,1,11,True,False,0,96,3,
2.5,MAON-wt-dil,E2,MAON-templ,G2,13_dil,1,14,False,2_12_ib,0,96,6,,0,1,12,True,False,0,96,4,
2.5,MAON-wt-dil,F2,MAON-templ,G2,14_dil,1,14,False,2_12_ib,0,96,6,,0,1,13,True,False,0,96,5,
2.5,MAON-wt-dil,G2,MAON-templ,G2,15_dil,1,14,False,2_12_ib,0,96,6,,0,1,14,True,False,0,96,6,
2.5,MAON-wt-dil,H2,MAON-templ,G2,16_dil,1,14,False,2_12_ib,0,96,6,,0,1,15,True,False,0,96,7,
2.5,MAON-wt-dil,A3,MAON-templ,G2,17_dil,1,14,False,2_12_ib,0,96,6,,0,2,16,True,False,0,96,0,
2.5,MAON-wt-dil,B3,MAON-templ,G2,18_dil,1,14,False,2_12_ib,0,96,6,,0,2,17,True,False,0,96,1,
2.5,MAON-wt-dil,C3,MAON-templ,G2,19_dil,1,14,False,2_12_ib,0,96,6,,0,2,18,True,False,0,96,2,
2.5,MAON-wt-dil,F3,MAON-templ,B4,22_dil,3,25,False,3_23_ib,0,96,1,,0,2,21,True,False,0,96,5,
2.5,MAON-wt-dil,G3,MAON-templ,A4,23_dil,3,24,False,3_22_ib,0,96,0,,0,2,22,True,False,0,96,6,
2.5,MAON-wt-dil,H3,MAON-templ,A4,24_dil,3,24,False,3_22_ib,0,96,0,,0,2,23,True,False,0,96,7,
2.5,MAON-wt-dil,A4,MAON-templ,A4,25_dil,3,24,False,3_22_ib,0,96,0,,0,3,24,True,False,0,96,0,
2.5,MAON-wt-dil,B4,MAON-templ,A4,26_dil,3,24,False,3_22_ib,0,96,0,,0,3,25,True,False,0,96,1,
2.5,MAON-wt-dil,C4,MAON-templ,A4,27_dil,3,24,False,3_22_ib,0,96,0,,0,3,26,True,False,0,96,2,
2.5,MAON-wt-dil,B1,MAON-templ,G1,2_dil,0,6,False,1_4_ib,0,96,6,,0,0,1,True,False,0,96,1,
2.5,MAON-wt-dil,C1,MAON-templ,G1,3_dil,0,6,False,1_4_ib,0,96,6,,0,0,2,True,False,0,96,2,
2.5,MAON-wt-dil,D1,MAON-templ,F1,4_dil,0,5,False,1_3_ib,0,96,5,,0,0,3,True,False,0,96,3,
2.5,MAON-wt-dil,E1,MAON-templ,F1,5_dil,0,5,False,1_3_ib,0,96,5,,0,0,4,True,False,0,96,4,
2.5,MAON-wt-dil,F1,MAON-templ,F1,6_dil,0,5,False,1_3_ib,0,96,5,,0,0,5,True,False,0,96,5,
2.5,MAON-wt-dil,G1,MAON-templ,F1,7_dil,0,5,False,1_3_ib,0,96,5,,0,0,6,True,False,0,96,6,
2.5,MAON-wt-dil,H1,MAON-templ,F1,8_dil,0,5,False,1_3_ib,0,96,5,,0,0,7,True,False,0,96,7,
2.5,MAON-wt-dil,A2,MAON-templ,F1,9_dil,0,5,False,1_3_ib,0,96,5,,0,1,8,True,False,0,96,0,
2.5,MAON-wt-dil,D2,MAON-templ,A3,12_dil,2,16,False,2_14_ib,0,96,0,,0,1,11,True,False,0,96,3,
2.5,MAON-wt-dil,E2,MAON-templ,A3,13_dil,2,16,False,2_14_ib,0,96,0,,0,1,12,True,False,0,96,4,
2.5,MAON-wt-dil,F2,MAON-templ,H2,14_dil,1,15,False,2_13_ib,0,96,7,,0,1,13,True,False,0,96,5,
2.5,MAON-wt-dil,G2,MAON-templ,H2,15_dil,1,15,False,2_13_ib,0,96,7,,0,1,14,True,False,0,96,6,
2.5,MAON-wt-dil,H2,MAON-templ,H2,16_dil,1,15,False,2_13_ib,0,96,7,,0,1,15,True,False,0,96,7,
2.5,MAON-wt-dil,A3,MAON-templ,H2,17_dil,1,15,False,2_13_ib,0,96,7,,0,2,16,True,False,0,96,0,
2.5,MAON-wt-dil,B3,MAON-templ,H2,18_dil,1,15,False,2_13_ib,0,96,7,,0,2,17,True,False,0,96,1,
2.5,MAON-wt-dil,C3,MAON-templ,H2,19_dil,1,15,False,2_13_ib,0,96,7,,0,2,18,True,False,0,96,2,
2.5,MAON-wt-dil,F3,MAON-templ,C4,22_dil,3,26,False,3_24_ib,0,96,2,,0,2,21,True,False,0,96,5,
2.5,MAON-wt-dil,G3,MAON-templ,C4,23_dil,3,26,False,3_24_ib,0,96,2,,0,2,22,True,False,0,96,6,
2.5,MAON-wt-dil,H3,MAON-templ,B4,24_dil,3,25,False,3_23_ib,0,96,1,,0,2,23,True,False,0,96,7,
2.5,MAON-wt-dil,A4,MAON-templ,B4,25_dil,3,25,False,3_23_ib,0,96,1,,0,3,24,True,False,0,96,0,
2.5,MAON-wt-dil,B4,MAON-templ,B4,26_dil,3,25,False,3_23_ib,0,96,1,,0,3,25,True,False,0,96,1,
2.5,MAON-wt-dil,C4,MAON-templ,B4,27_dil,3,25,False,3_23_ib,0,96,1,,0,3,26,True,False,0,96,2,
2.5,MAON-wt-dil,B1,MAON-templ,H1,2_dil,0,7,False,1_5_ib,0,96,7,,0,0,1,True,False,0,96,1,
2.5,MAON-wt-dil,C1,MAON-templ,H1,3_dil,0,7,False,1_5_ib,0,96,7,,0,0,2,True,False,0,96,2,
2.5,MAON-wt-dil,D1,MAON-templ,H1,4_dil,0,7,False,1_5_ib,0,96,7,,0,0,3,True,False,0,96,3,
2.5,MAON-wt-dil,E1,MAON-templ,G1,5_dil,0,6,False,1_4_ib,0,96,6,,0,0,4,True,False,0,96,4,
2.5,MAON-wt-dil,F1,MAON-templ,G1,6_dil,0,6,False,1_4_ib,0,96,6,,0,0,5,True,False,0,96,5,
2.5,MAON-wt-dil,G1,MAON-templ,G1,7_dil,0,6,False,1_4_ib,0,96,6,,0,0,6,True,False,0,96,6,
2.5,MAON-wt-dil,H1,MAON-templ,G1,8_dil,0,6,False,1_4_ib,0,96,6,,0,0,7,True,False,0,96,7,
2.5,MAON-wt-dil,A2,MAON-templ,G1,9_dil,0,6,False,1_4_ib,0,96,6,,0,1,8,True,False,0,96,0,
2.5,MAON-wt-dil,D2,MAON-templ,B3,12_dil,2,17,False,2_15_ib,0,96,1,,0,1,11,True,False,0,96,3,
2.5,MAON-wt-dil,E2,MAON-templ,B3,13_dil,2,17,False,2_15_ib,0,96,1,,0,1,12,True,False,0,96,4,
2.5,MAON-wt-dil,F2,MAON-templ,B3,14_dil,2,17,False,2_15_ib,0,96,1,,0,1,13,True,False,0,96,5,
2.5,MAON-wt-dil,G2,MAON-templ,A3,15_dil,2,16,False,2_14_ib,0,96,0,,0,1,14,True,False,0,96,6,
2.5,MAON-wt-dil,H2,MAON-templ,A3,16_dil,2,16,False,2_14_ib,0,96,0,,0,1,15,True,False,0,96,7,
2.5,MAON-wt-dil,A3,MAON-templ,A3,17_dil,2,16,False,2_14_ib,0,96,0,,0,2,16,True,False,0,96,0,
2.5,MAON-wt-dil,B3,MAON-templ,A3,18_dil,2,16,False,2_14_ib,0,96,0,,0,2,17,True,False,0,96,1,
2.5,MAON-wt-dil,C3,MAON-templ,A3,19_dil,2,16,False,2_14_ib,0,96,0,,0,2,18,True,False,0,96,2,
2.5,MAON-wt-dil,F3,MAON-templ,D4,22_dil,3,27,False,3_25_ib,0,96,3,,0,2,21,True,False,0,96,5,
2.5,MAON-wt-dil,G3,MAON-templ,D4,23_dil,3,27,False,3_25_ib,0,96,3,,0,2,22,True,False,0,96,6,
2.5,MAON-wt-dil,H3,MAON-templ,D4,24_dil,3,27,False,3_25_ib,0,96,3,,0,2,23,True,False,0,96,7,
2.5,MAON-wt-dil,A4,MAON-templ,C4,25_dil,3,26,False,3_24_ib,0,96,2,,0,3,24,True,False,0,96,0,
2.5,MAON-wt-dil,B4,MAON-templ,C4,26_dil,3,26,False,3_24_ib,0,96,2,,0,3,25,True,False,0,96,1,
2.5,MAON-wt-dil,C4,MAON-templ,C4,27_dil,3,26,False,3_24_ib,0,96,2,,0,3,26,True,False,0,96,2,
2.5,MAON-wt-dil,B1,MAON-templ,A2,2_dil,1,8,False,1_6_ib,0,96,0,,0,0,1,True,False,0,96,1,
2.5,MAON-wt-dil,C1,MAON-templ,A2,3_dil,1,8,False,1_6_ib,0,96,0,,0,0,2,True,False,0,96,2,
2.5,MAON-wt-dil,D1,MAON-templ,A2,4_dil,1,8,False,1_6_ib,0,96,0,,0,0,3,True,False,0,96,3,
2.5,MAON-wt-dil,E1,MAON-templ,A2,5_dil,1,8,False,1_6_ib,0,96,0,,0,0,4,True,False,0,96,4,
2.5,MAON-wt-dil,F1,MAON-templ,H1,6_dil,0,7,False,1_5_ib,0,96,7,,0,0,5,True,False,0,96,5,
2.5,MAON-wt-dil,G1,MAON-templ,H1,7_dil,0,7,False,1_5_ib,0,96,7,,0,0,6,True,False,0,96,6,
2.5,MAON-wt-dil,H1,MAON-templ,H1,8_dil,0,7,False,1_5_ib,0,96,7,,0,0,7,True,False,0,96,7,
2.5,MAON-wt-dil,A2,MAON-templ,H1,9_dil,0,7,False,1_5_ib,0,96,7,,0,1,8,True,False,0,96,0,
2.5,MAON-wt-dil,D2,MAON-templ,C3,12_dil,2,18,False,2_16_ib,0,96,2,,0,1,11,True,False,0,96,3,
2.5,MAON-wt-dil,E2,MAON-templ,C3,13_dil,2,18,False,2_16_ib,0,96,2,,0,1,12,True,False,0,96,4,
2.5,MAON-wt-dil,F2,MAON-templ,C3,14_dil,2,18,False,2_16_ib,0,96,2,,0,1,13,True,False,0,96,5,
2.5,MAON-wt-dil,G2,MAON-templ,C3,15_dil,2,18,False,2_16_ib,0,96,2,,0,1,14,True,False,0,96,6,
2.5,MAON-wt-dil,H2,MAON-templ,B3,16_dil,2,17,False,2_15_ib,0,96,1,,0,1,15,True,False,0,96,7,
2.5,MAON-wt-dil,A3,MAON-templ,B3,17_dil,2,17,False,2_15_ib,0,96,1,,0,2,16,True,False,0,96,0,
2.5,MAON-wt-dil,B3,MAON-templ,B3,18_dil,2,17,False,2_15_ib,0,96,1,,0,2,17,True,False,0,96,1,
2.5,MAON-wt-dil,C3,MAON-templ,B3,19_dil,2,17,False,2_15_ib,0,96,1,,0,2,18,True,False,0,96,2,
2.5,MAON-wt-dil,F3,MAON-templ,E4,22_dil,3,28,False,3_26_ib,0,96,4,,0,2,21,True,False,0,96,5,
2.5,MAON-wt-dil,G3,MAON-templ,E4,23_dil,3,28,False,3_26_ib,0,96,4,,0,2,22,True,False,0,96,6,
2.5,MAON-wt-dil,H3,MAON-templ,E4,24_dil,3,28,False,3_26_ib,0,96,4,,0,2,23,True,False,0,96,7,
2.5,MAON-wt-dil,A4,MAON-templ,E4,25_dil,3,28,False,3_26_ib,0,96,4,,0,3,24,True,False,0,96,0,
2.5,MAON-wt-dil,B4,MAON-templ,D4,26_dil,3,27,False,3_25_ib,0,96,3,,0,3,25,True,False,0,96,1,
2.5,MAON-wt-dil,C4,MAON-templ,D4,27_dil,3,27,False,3_25_ib,0,96,3,,0,3,26,True,False,0,96,2,
2.5,MAON-wt-dil,B1,MAON-templ,B2,2_dil,1,9,False,1_7_ib,0,96,1,,0,0,1,True,False,0,96,1,
2.5,MAON-wt-dil,C1,MAON-templ,B2,3_dil,1,9,False,1_7_ib,0,96,1,,0,0,2,True,False,0,96,2,
2.5,MAON-wt-dil,D1,MAON-templ,B2,4_dil,1,9,False,1_7_ib,0,96,1,,0,0,3,True,False,0,96,3,
2.5,MAON-wt-dil,E1,MAON-templ,B2,5_dil,1,9,False,1_7_ib,0,96,1,,0,0,4,True,False,0,96,4,
2.5,MAON-wt-dil,F1,MAON-templ,B2,6_dil,1,9,False,1_7_ib,0,96,1,,0,0,5,True,False,0,96,5,
2.5,MAON-wt-dil,G1,MAON-templ,A2,7_dil,1,8,False,1_6_ib,0,96,0,,0,0,6,True,False,0,96,6,
2.5,MAON-wt-dil,H1,MAON-templ,A2,8_dil,1,8,False,1_6_ib,0,96,0,,0,0,7,True,False,0,96,7,
2.5,MAON-wt-dil,A2,MAON-templ,A2,9_dil,1,8,False,1_6_ib,0,96,0,,0,1,8,True,False,0,96,0,
2.5,MAON-wt-dil,D2,MAON-templ,D3,12_dil,2,19,False,2_17_ib,0,96,3,,0,1,11,True,False,0,96,3,
2.5,MAON-wt-dil,E2,MAON-templ,D3,13_dil,2,19,False,2_17_ib,0,96,3,,0,1,12,True,False,0,96,4,
2.5,MAON-wt-dil,F2,MAON-templ,D3,14_dil,2,19,False,2_17_ib,0,96,3,,0,1,13,True,False,0,96,5,
2.5,MAON-wt-dil,G2,MAON-templ,D3,15_dil,2,19,False,2_17_ib,0,96,3,,0,1,14,True,False,0,96,6,
2.5,MAON-wt-dil,H2,MAON-templ,D3,16_dil,2,19,False,2_17_ib,0,96,3,,0,1,15,True,False,0,96,7,
2.5,MAON-wt-dil,A3,MAON-templ,C3,17_dil,2,18,False,2_16_ib,0,96,2,,0,2,16,True,False,0,96,0,
2.5,MAON-wt-dil,B3,MAON-templ,C3,18_dil,2,18,False,2_16_ib,0,96,2,,0,2,17,True,False,0,96,1,
2.5,MAON-wt-dil,C3,MAON-templ,C3,19_dil,2,18,False,2_16_ib,0,96,2,,0,2,18,True,False,0,96,2,
2.5,MAON-wt-dil,C4,MAON-templ,E4,27_dil,3,28,False,3_26_ib,0,96,4,,0,3,26,True,False,0,96,2,
2.5,MAON-wt-dil,B1,MAON-templ,C2,2_dil,1,10,False,1_8_ib,0,96,2,,0,0,1,True,False,0,96,1,
2.5,MAON-wt-dil,C1,MAON-templ,C2,3_dil,1,10,False,1_8_ib,0,96,2,,0,0,2,True,False,0,96,2,
2.5,MAON-wt-dil,D1,MAON-templ,C2,4_dil,1,10,False,1_8_ib,0,96,2,,0,0,3,True,False,0,96,3,
2.5,MAON-wt-dil,E1,MAON-templ,C2,5_dil,1,10,False,1_8_ib,0,96,2,,0,0,4,True,False,0,96,4,
2.5,MAON-wt-dil,F1,MAON-templ,C2,6_dil,1,10,False,1_8_ib,0,96,2,,0,0,5,True,False,0,96,5,
2.5,MAON-wt-dil,G1,MAON-templ,C2,7_dil,1,10,False,1_8_ib,0,96,2,,0,0,6,True,False,0,96,6,
2.5,MAON-wt-dil,H1,MAON-templ,B2,8_dil,1,9,False,1_7_ib,0,96,1,,0,0,7,True,False,0,96,7,
2.5,MAON-wt-dil,A2,MAON-templ,B2,9_dil,1,9,False,1_7_ib,0,96,1,,0,1,8,True,False,0,96,0,
2.5,MAON-wt-dil,D2,MAON-templ,E3,12_dil,2,20,False,2_18_ib,0,96,4,,0,1,11,True,False,0,96,3,
2.5,MAON-wt-dil,E2,MAON-templ,E3,13_dil,2,20,False,2_18_ib,0,96,4,,0,1,12,True,False,0,96,4,
2.5,MAON-wt-dil,F2,MAON-templ,E3,14_dil,2,20,False,2_18_ib,0,96,4,,0,1,13,True,False,0,96,5,
2.5,MAON-wt-dil,G2,MAON-templ,E3,15_dil,2,20,False,2_18_ib,0,96,4,,0,1,14,True,False,0,96,6,
2.5,MAON-wt-dil,H2,MAON-templ,E3,16_dil,2,20,False,2_18_ib,0,96,4,,0,1,15,True,False,0,96,7,
2.5,MAON-wt-dil,A3,MAON-templ,E3,17_dil,2,20,False,2_18_ib,0,96,4,,0,2,16,True,False,0,96,0,
2.5,MAON-wt-dil,B3,MAON-templ,D3,18_dil,2,19,False,2_17_ib,0,96,3,,0,2,17,True,False,0,96,1,
2.5,MAON-wt-dil,C3,MAON-templ,D3,19_dil,2,19,False,2_17_ib,0,96,3,,0,2,18,True,False,0,96,2,
2.5,MAON-wt-dil,B1,MAON-templ,D2,2_dil,1,11,False,1_9_ib,0,96,3,,0,0,1,True,False,0,96,1,
2.5,MAON-wt-dil,C1,MAON-templ,D2,3_dil,1,11,False,1_9_ib,0,96,3,,0,0,2,True,False,0,96,2,
2.5,MAON-wt-dil,D1,MAON-templ,D2,4_dil,1,11,False,1_9_ib,0,96,3,,0,0,3,True,False,0,96,3,
2.5,MAON-wt-dil,E1,MAON-templ,D2,5_dil,1,11,False,1_9_ib,0,96,3,,0,0,4,True,False,0,96,4,
2.5,MAON-wt-dil,F1,MAON-templ,D2,6_dil,1,11,False,1_9_ib,0,96,3,,0,0,5,True,False,0,96,5,
2.5,MAON-wt-dil,G1,MAON-templ,D2,7_dil,1,11,False,1_9_ib,0,96,3,,0,0,6,True,False,0,96,6,
2.5,MAON-wt-dil,H1,MAON-templ,D2,8_dil,1,11,False,1_9_ib,0,96,3,,0,0,7,True,False,0,96,7,
2.5,MAON-wt-dil,A2,MAON-templ,C2,9_dil,1,10,False,1_8_ib,0,96,2,,0,1,8,True,False,0,96,0,
2.5,MAON-wt-dil,D2,MAON-templ,F3,12_dil,2,21,False,2_19_ib,0,96,5,,0,1,11,True,False,0,96,3,
2.5,MAON-wt-dil,E2,MAON-templ,F3,13_dil,2,21,False,2_19_ib,0,96,5,,0,1,12,True,False,0,96,4,
2.5,MAON-wt-dil,F2,MAON-templ,F3,14_dil,2,21,False,2_19_ib,0,96,5,,0,1,13,True,False,0,96,5,
2.5,MAON-wt-dil,G2,MAON-templ,F3,15_dil,2,21,False,2_19_ib,0,96,5,,0,1,14,True,False,0,96,6,
2.5,MAON-wt-dil,H2,MAON-templ,F3,16_dil,2,21,False,2_19_ib,0,96,5,,0,1,15,True,False,0,96,7,
2.5,MAON-wt-dil,A3,MAON-templ,F3,17_dil,2,21,False,2_19_ib,0,96,5,,0,2,16,True,False,0,96,0,
2.5,MAON-wt-dil,B3,MAON-templ,F3,18_dil,2,21,False,2_19_ib,0,96,5,,0,2,17,True,False,0,96,1,
2.5,MAON-wt-dil,C3,MAON-templ,E3,19_dil,2,20,False,2_18_ib,0,96,4,,0,2,18,True,False,0,96,2,
2.5,MAON-wt-dil,B1,MAON-templ,E2,2_dil,1,12,False,1_10_ib,0,96,4,,0,0,1,True,False,0,96,1,
2.5,MAON-wt-dil,C1,MAON-templ,E2,3_dil,1,12,False,1_10_ib,0,96,4,,0,0,2,True,False,0,96,2,
2.5,MAON-wt-dil,D1,MAON-templ,E2,4_dil,1,12,False,1_10_ib,0,96,4,,0,0,3,True,False,0,96,3,
2.5,MAON-wt-dil,E1,MAON-templ,E2,5_dil,1,12,False,1_10_ib,0,96,4,,0,0,4,True,False,0,96,4,
2.5,MAON-wt-dil,F1,MAON-templ,E2,6_dil,1,12,False,1_10_ib,0,96,4,,0,0,5,True,False,0,96,5,
2.5,MAON-wt-dil,G1,MAON-templ,E2,7_dil,1,12,False,1_10_ib,0,96,4,,0,0,6,True,False,0,96,6,
2.5,MAON-wt-dil,H1,MAON-templ,E2,8_dil,1,12,False,1_10_ib,0,96,4,,0,0,7,True,False,0,96,7,
2.5,MAON-wt-dil,A2,MAON-templ,E2,9_dil,1,12,False,1_10_ib,0,96,4,,0,1,8,True,False,0,96,0,
2.5,MAON-wt-dil,D2,MAON-templ,G3,12_dil,2,22,False,2_20_ib,0,96,6,,0,1,11,True,False,0,96,3,
2.5,MAON-wt-dil,E2,MAON-templ,G3,13_dil,2,22,False,2_20_ib,0,96,6,,0,1,12,True,False,0,96,4,
2.5,MAON-wt-dil,F2,MAON-templ,G3,14_dil,2,22,False,2_20_ib,0,96,6,,0,1,13,True,False,0,96,5,
2.5,MAON-wt-dil,G2,MAON-templ,G3,15_dil,2,22,False,2_20_ib,0,96,6,,0,1,14,True,False,0,96,6,
2.5,MAON-wt-dil,H2,MAON-templ,G3,16_dil,2,22,False,2_20_ib,0,96,6,,0,1,15,True,False,0,96,7,
2.5,MAON-wt-dil,A3,MAON-templ,G3,17_dil,2,22,False,2_20_ib,0,96,6,,0,2,16,True,False,0,96,0,
2.5,MAON-wt-dil,B3,MAON-templ,G3,18_dil,2,22,False,2_20_ib,0,96,6,,0,2,17,True,False,0,96,1,
2.5,MAON-wt-dil,C3,MAON-templ,G3,19_dil,2,22,False,2_20_ib,0,96,6,,0,2,18,True,False,0,96,2,
2.5,MAON-wt-dil,B1,MAON-templ,G4,2_dil,3,30,False,1_1&3_ib,0,96,6,,0,0,1,True,False,0,96,1,
2.5,MAON-wt-dil,C1,MAON-templ,F4,3_dil,3,29,False,1_1&2_ib,0,96,5,,0,0,2,True,False,0,96,2,
2.5,MAON-wt-dil,D1,MAON-templ,F4,4_dil,3,29,False,1_1&2_ib,0,96,5,,0,0,3,True,False,0,96,3,
2.5,MAON-wt-dil,E1,MAON-templ,F4,5_dil,3,29,False,1_1&2_ib,0,96,5,,0,0,4,True,False,0,96,4,
2.5,MAON-wt-dil,F1,MAON-templ,F4,6_dil,3,29,False,1_1&2_ib,0,96,5,,0,0,5,True,False,0,96,5,
2.5,MAON-wt-dil,G1,MAON-templ,F4,7_dil,3,29,False,1_1&2_ib,0,96,5,,0,0,6,True,False,0,96,6,
2.5,MAON-wt-dil,H1,MAON-templ,F4,8_dil,3,29,False,1_1&2_ib,0,96,5,,0,0,7,True,False,0,96,7,
2.5,MAON-wt-dil,A2,MAON-templ,F4,9_dil,3,29,False,1_1&2_ib,0,96,5,,0,1,8,True,False,0,96,0,
2.5,MAON-wt-dil,D2,MAON-templ,D10,12_dil,9,75,False,2_11&13_ib,0,96,3,,0,1,11,True,False,0,96,3,
2.5,MAON-wt-dil,E2,MAON-templ,C10,13_dil,9,74,False,2_11&12_ib,0,96,2,,0,1,12,True,False,0,96,4,
2.5,MAON-wt-dil,F2,MAON-templ,C10,14_dil,9,74,False,2_11&12_ib,0,96,2,,0,1,13,True,False,0,96,5,
2.5,MAON-wt-dil,G2,MAON-templ,C10,15_dil,9,74,False,2_11&12_ib,0,96,2,,0,1,14,True,False,0,96,6,
2.5,MAON-wt-dil,H2,MAON-templ,C10,16_dil,9,74,False,2_11&12_ib,0,96,2,,0,1,15,True,False,0,96,7,
2.5,MAON-wt-dil,A3,MAON-templ,C10,17_dil,9,74,False,2_11&12_ib,0,96,2,,0,2,16,True,False,0,96,0,
2.5,MAON-wt-dil,B3,MAON-templ,C10,18_dil,9,74,False,2_11&12_ib,0,96,2,,0,2,17,True,False,0,96,1,
2.5,MAON-wt-dil,C3,MAON-templ,C10,19_dil,9,74,False,2_11&12_ib,0,96,2,,0,2,18,True,False,0,96,2,
2.5,MAON-wt-dil,B1,MAON-templ,H4,2_dil,3,31,False,1_1&4_ib,0,96,7,,0,0,1,True,False,0,96,1,
2.5,MAON-wt-dil,C1,MAON-templ,H4,3_dil,3,31,False,1_1&4_ib,0,96,7,,0,0,2,True,False,0,96,2,
2.5,MAON-wt-dil,D1,MAON-templ,G4,4_dil,3,30,False,1_1&3_ib,0,96,6,,0,0,3,True,False,0,96,3,
2.5,MAON-wt-dil,E1,MAON-templ,G4,5_dil,3,30,False,1_1&3_ib,0,96,6,,0,0,4,True,False,0,96,4,
2.5,MAON-wt-dil,F1,MAON-templ,G4,6_dil,3,30,False,1_1&3_ib,0,96,6,,0,0,5,True,False,0,96,5,
2.5,MAON-wt-dil,G1,MAON-templ,G4,7_dil,3,30,False,1_1&3_ib,0,96,6,,0,0,6,True,False,0,96,6,
2.5,MAON-wt-dil,H1,MAON-templ,G4,8_dil,3,30,False,1_1&3_ib,0,96,6,,0,0,7,True,False,0,96,7,
2.5,MAON-wt-dil,A2,MAON-templ,G4,9_dil,3,30,False,1_1&3_ib,0,96,6,,0,1,8,True,False,0,96,0,
2.5,MAON-wt-dil,D2,MAON-templ,E10,12_dil,9,76,False,2_11&14_ib,0,96,4,,0,1,11,True,False,0,96,3,
2.5,MAON-wt-dil,E2,MAON-templ,E10,13_dil,9,76,False,2_11&14_ib,0,96,4,,0,1,12,True,False,0,96,4,
2.5,MAON-wt-dil,F2,MAON-templ,D10,14_dil,9,75,False,2_11&13_ib,0,96,3,,0,1,13,True,False,0,96,5,
2.5,MAON-wt-dil,G2,MAON-templ,D10,15_dil,9,75,False,2_11&13_ib,0,96,3,,0,1,14,True,False,0,96,6,
2.5,MAON-wt-dil,H2,MAON-templ,D10,16_dil,9,75,False,2_11&13_ib,0,96,3,,0,1,15,True,False,0,96,7,
2.5,MAON-wt-dil,A3,MAON-templ,D10,17_dil,9,75,False,2_11&13_ib,0,96,3,,0,2,16,True,False,0,96,0,
2.5,MAON-wt-dil,B3,MAON-templ,D10,18_dil,9,75,False,2_11&13_ib,0,96,3,,0,2,17,True,False,0,96,1,
2.5,MAON-wt-dil,C3,MAON-templ,D10,19_dil,9,75,False,2_11&13_ib,0,96,3,,0,2,18,True,False,0,96,2,
2.5,MAON-wt-dil,B1,MAON-templ,A5,2_dil,4,32,False,1_1&5_ib,0,96,0,,0,0,1,True,False,0,96,1,
2.5,MAON-wt-dil,C1,MAON-templ,A5,3_dil,4,32,False,1_1&5_ib,0,96,0,,0,0,2,True,False,0,96,2,
2.5,MAON-wt-dil,D1,MAON-templ,A5,4_dil,4,32,False,1_1&5_ib,0,96,0,,0,0,3,True,False,0,96,3,
2.5,MAON-wt-dil,E1,MAON-templ,H4,5_dil,3,31,False,1_1&4_ib,0,96,7,,0,0,4,True,False,0,96,4,
2.5,MAON-wt-dil,F1,MAON-templ,H4,6_dil,3,31,False,1_1&4_ib,0,96,7,,0,0,5,True,False,0,96,5,
2.5,MAON-wt-dil,G1,MAON-templ,H4,7_dil,3,31,False,1_1&4_ib,0,96,7,,0,0,6,True,False,0,96,6,
2.5,MAON-wt-dil,H1,MAON-templ,H4,8_dil,3,31,False,1_1&4_ib,0,96,7,,0,0,7,True,False,0,96,7,
2.5,MAON-wt-dil,A2,MAON-templ,H4,9_dil,3,31,False,1_1&4_ib,0,96,7,,0,1,8,True,False,0,96,0,
2.5,MAON-wt-dil,D2,MAON-templ,F10,12_dil,9,77,False,2_11&15_ib,0,96,5,,0,1,11,True,False,0,96,3,
2.5,MAON-wt-dil,E2,MAON-templ,F10,13_dil,9,77,False,2_11&15_ib,0,96,5,,0,1,12,True,False,0,96,4,
2.5,MAON-wt-dil,F2,MAON-templ,F10,14_dil,9,77,False,2_11&15_ib,0,96,5,,0,1,13,True,False,0,96,5,
2.5,MAON-wt-dil,G2,MAON-templ,E10,15_dil,9,76,False,2_11&14_ib,0,96,4,,0,1,14,True,False,0,96,6,
2.5,MAON-wt-dil,H2,MAON-templ,E10,16_dil,9,76,False,2_11&14_ib,0,96,4,,0,1,15,True,False,0,96,7,
2.5,MAON-wt-dil,A3,MAON-templ,E10,17_dil,9,76,False,2_11&14_ib,0,96,4,,0,2,16,True,False,0,96,0,
2.5,MAON-wt-dil,B3,MAON-templ,E10,18_dil,9,76,False,2_11&14_ib,0,96,4,,0,2,17,True,False,0,96,1,
2.5,MAON-wt-dil,C3,MAON-templ,E10,19_dil,9,76,False,2_11&14_ib,0,96,4,,0,2,18,True,False,0,96,2,
2.5,MAON-wt-dil,B1,MAON-templ,B5,2_dil,4,33,False,1_1&6_ib,0,96,1,,0,0,1,True,False,0,96,1,
2.5,MAON-wt-dil,C1,MAON-templ,B5,3_dil,4,33,False,1_1&6_ib,0,96,1,,0,0,2,True,False,0,96,2,
2.5,MAON-wt-dil,D1,MAON-templ,B5,4_dil,4,33,False,1_1&6_ib,0,96,1,,0,0,3,True,False,0,96,3,
2.5,MAON-wt-dil,E1,MAON-templ,B5,5_dil,4,33,False,1_1&6_ib,0,96,1,,0,0,4,True,False,0,96,4,
2.5,MAON-wt-dil,F1,MAON-templ,A5,6_dil,4,32,False,1_1&5_ib,0,96,0,,0,0,5,True,False,0,96,5,
2.5,MAON-wt-dil,G1,MAON-templ,A5,7_dil,4,32,False,1_1&5_ib,0,96,0,,0,0,6,True,False,0,96,6,
2.5,MAON-wt-dil,H1,MAON-templ,A5,8_dil,4,32,False,1_1&5_ib,0,96,0,,0,0,7,True,False,0,96,7,
2.5,MAON-wt-dil,A2,MAON-templ,A5,9_dil,4,32,False,1_1&5_ib,0,96,0,,0,1,8,True,False,0,96,0,
2.5,MAON-wt-dil,D2,MAON-templ,G10,12_dil,9,78,False,2_11&16_ib,0,96,6,,0,1,11,True,False,0,96,3,
2.5,MAON-wt-dil,E2,MAON-templ,G10,13_dil,9,78,False,2_11&16_ib,0,96,6,,0,1,12,True,False,0,96,4,
2.5,MAON-wt-dil,F2,MAON-templ,G10,14_dil,9,78,False,2_11&16_ib,0,96,6,,0,1,13,True,False,0,96,5,
2.5,MAON-wt-dil,G2,MAON-templ,G10,15_dil,9,78,False,2_11&16_ib,0,96,6,,0,1,14,True,False,0,96,6,
2.5,MAON-wt-dil,H2,MAON-templ,F10,16_dil,9,77,False,2_11&15_ib,0,96,5,,0,1,15,True,False,0,96,7,
2.5,MAON-wt-dil,A3,MAON-templ,F10,17_dil,9,77,False,2_11&15_ib,0,96,5,,0,2,16,True,False,0,96,0,
2.5,MAON-wt-dil,B3,MAON-templ,F10,18_dil,9,77,False,2_11&15_ib,0,96,5,,0,2,17,True,False,0,96,1,
2.5,MAON-wt-dil,C3,MAON-templ,F10,19_dil,9,77,False,2_11&15_ib,0,96,5,,0,2,18,True,False,0,96,2,
2.5,MAON-wt-dil,B1,MAON-templ,C5,2_dil,4,34,False,1_1&7_ib,0,96,2,,0,0,1,True,False,0,96,1,
2.5,MAON-wt-dil,C1,MAON-templ,C5,3_dil,4,34,False,1_1&7_ib,0,96,2,,0,0,2,True,False,0,96,2,
2.5,MAON-wt-dil,D1,MAON-templ,C5,4_dil,4,34,False,1_1&7_ib,0,96,2,,0,0,3,True,False,0,96,3,
2.5,MAON-wt-dil,E1,MAON-templ,C5,5_dil,4,34,False,1_1&7_ib,0,96,2,,0,0,4,True,False,0,96,4,
2.5,MAON-wt-dil,F1,MAON-templ,C5,6_dil,4,34,False,1_1&7_ib,0,96,2,,0,0,5,True,False,0,96,5,
2.5,MAON-wt-dil,G1,MAON-templ,B5,7_dil,4,33,False,1_1&6_ib,0,96,1,,0,0,6,True,False,0,96,6,
2.5,MAON-wt-dil,H1,MAON-templ,B5,8_dil,4,33,False,1_1&6_ib,0,96,1,,0,0,7,True,False,0,96,7,
2.5,MAON-wt-dil,A2,MAON-templ,B5,9_dil,4,33,False,1_1&6_ib,0,96,1,,0,1,8,True,False,0,96,0,
2.5,MAON-wt-dil,D2,MAON-templ,H10,12_dil,9,79,False,2_11&17_ib,0,96,7,,0,1,11,True,False,0,96,3,
2.5,MAON-wt-dil,E2,MAON-templ,H10,13_dil,9,79,False,2_11&17_ib,0,96,7,,0,1,12,True,False,0,96,4,
2.5,MAON-wt-dil,F2,MAON-templ,H10,14_dil,9,79,False,2_11&17_ib,0,96,7,,0,1,13,True,False,0,96,5,
2.5,MAON-wt-dil,G2,MAON-templ,H10,15_dil,9,79,False,2_11&17_ib,0,96,7,,0,1,14,True,False,0,96,6,
2.5,MAON-wt-dil,H2,MAON-templ,H10,16_dil,9,79,False,2_11&17_ib,0,96,7,,0,1,15,True,False,0,96,7,
2.5,MAON-wt-dil,A3,MAON-templ,G10,17_dil,9,78,False,2_11&16_ib,0,96,6,,0,2,16,True,False,0,96,0,
2.5,MAON-wt-dil,B3,MAON-templ,G10,18_dil,9,78,False,2_11&16_ib,0,96,6,,0,2,17,True,False,0,96,1,
2.5,MAON-wt-dil,C3,MAON-templ,G10,19_dil,9,78,False,2_11&16_ib,0,96,6,,0,2,18,True,False,0,96,2,
2.5,MAON-wt-dil,B1,MAON-templ,D5,2_dil,4,35,False,1_1&8_ib,0,96,3,,0,0,1,True,False,0,96,1,
2.5,MAON-wt-dil,C1,MAON-templ,D5,3_dil,4,35,False,1_1&8_ib,0,96,3,,0,0,2,True,False,0,96,2,
2.5,MAON-wt-dil,D1,MAON-templ,D5,4_dil,4,35,False,1_1&8_ib,0,96,3,,0,0,3,True,False,0,96,3,
2.5,MAON-wt-dil,E1,MAON-templ,D5,5_dil,4,35,False,1_1&8_ib,0,96,3,,0,0,4,True,False,0,96,4,
2.5,MAON-wt-dil,F1,MAON-templ,D5,6_dil,4,35,False,1_1&8_ib,0,96,3,,0,0,5,True,False,0,96,5,
2.5,MAON-wt-dil,G1,MAON-templ,D5,7_dil,4,35,False,1_1&8_ib,0,96,3,,0,0,6,True,False,0,96,6,
2.5,MAON-wt-dil,H1,MAON-templ,C5,8_dil,4,34,False,1_1&7_ib,0,96,2,,0,0,7,True,False,0,96,7,
2.5,MAON-wt-dil,A2,MAON-templ,C5,9_dil,4,34,False,1_1&7_ib,0,96,2,,0,1,8,True,False,0,96,0,
2.5,MAON-wt-dil,D2,MAON-templ,A11,12_dil,10,80,False,2_11&18_ib,0,96,0,,0,1,11,True,False,0,96,3,
2.5,MAON-wt-dil,E2,MAON-templ,A11,13_dil,10,80,False,2_11&18_ib,0,96,0,,0,1,12,True,False,0,96,4,
2.5,MAON-wt-dil,F2,MAON-templ,A11,14_dil,10,80,False,2_11&18_ib,0,96,0,,0,1,13,True,False,0,96,5,
2.5,MAON-wt-dil,G2,MAON-templ,A11,15_dil,10,80,False,2_11&18_ib,0,96,0,,0,1,14,True,False,0,96,6,
2.5,MAON-wt-dil,H2,MAON-templ,A11,16_dil,10,80,False,2_11&18_ib,0,96,0,,0,1,15,True,False,0,96,7,
2.5,MAON-wt-dil,A3,MAON-templ,A11,17_dil,10,80,False,2_11&18_ib,0,96,0,,0,2,16,True,False,0,96,0,
2.5,MAON-wt-dil,B3,MAON-templ,H10,18_dil,9,79,False,2_11&17_ib,0,96,7,,0,2,17,True,False,0,96,1,
2.5,MAON-wt-dil,C3,MAON-templ,H10,19_dil,9,79,False,2_11&17_ib,0,96,7,,0,2,18,True,False,0,96,2,
2.5,MAON-wt-dil,B1,MAON-templ,E5,2_dil,4,36,False,1_1&9_ib,0,96,4,,0,0,1,True,False,0,96,1,
2.5,MAON-wt-dil,C1,MAON-templ,E5,3_dil,4,36,False,1_1&9_ib,0,96,4,,0,0,2,True,False,0,96,2,
2.5,MAON-wt-dil,D1,MAON-templ,E5,4_dil,4,36,False,1_1&9_ib,0,96,4,,0,0,3,True,False,0,96,3,
2.5,MAON-wt-dil,E1,MAON-templ,E5,5_dil,4,36,False,1_1&9_ib,0,96,4,,0,0,4,True,False,0,96,4,
2.5,MAON-wt-dil,F1,MAON-templ,E5,6_dil,4,36,False,1_1&9_ib,0,96,4,,0,0,5,True,False,0,96,5,
2.5,MAON-wt-dil,G1,MAON-templ,E5,7_dil,4,36,False,1_1&9_ib,0,96,4,,0,0,6,True,False,0,96,6,
2.5,MAON-wt-dil,H1,MAON-templ,E5,8_dil,4,36,False,1_1&9_ib,0,96,4,,0,0,7,True,False,0,96,7,
2.5,MAON-wt-dil,A2,MAON-templ,D5,9_dil,4,35,False,1_1&8_ib,0,96,3,,0,1,8,True,False,0,96,0,
2.5,MAON-wt-dil,D2,MAON-templ,B11,12_dil,10,81,False,2_11&19_ib,0,96,1,,0,1,11,True,False,0,96,3,
2.5,MAON-wt-dil,E2,MAON-templ,B11,13_dil,10,81,False,2_11&19_ib,0,96,1,,0,1,12,True,False,0,96,4,
2.5,MAON-wt-dil,F2,MAON-templ,B11,14_dil,10,81,False,2_11&19_ib,0,96,1,,0,1,13,True,False,0,96,5,
2.5,MAON-wt-dil,G2,MAON-templ,B11,15_dil,10,81,False,2_11&19_ib,0,96,1,,0,1,14,True,False,0,96,6,
2.5,MAON-wt-dil,H2,MAON-templ,B11,16_dil,10,81,False,2_11&19_ib,0,96,1,,0,1,15,True,False,0,96,7,
2.5,MAON-wt-dil,A3,MAON-templ,B11,17_dil,10,81,False,2_11&19_ib,0,96,1,,0,2,16,True,False,0,96,0,
2.5,MAON-wt-dil,B3,MAON-templ,B11,18_dil,10,81,False,2_11&19_ib,0,96,1,,0,2,17,True,False,0,96,1,
2.5,MAON-wt-dil,C3,MAON-templ,A11,19_dil,10,80,False,2_11&18_ib,0,96,0,,0,2,18,True,False,0,96,2,
2.5,MAON-wt-dil,B1,MAON-templ,F5,2_dil,4,37,False,1_1&10_ib,0,96,5,,0,0,1,True,False,0,96,1,
2.5,MAON-wt-dil,C1,MAON-templ,F5,3_dil,4,37,False,1_1&10_ib,0,96,5,,0,0,2,True,False,0,96,2,
2.5,MAON-wt-dil,D1,MAON-templ,F5,4_dil,4,37,False,1_1&10_ib,0,96,5,,0,0,3,True,False,0,96,3,
2.5,MAON-wt-dil,E1,MAON-templ,F5,5_dil,4,37,False,1_1&10_ib,0,96,5,,0,0,4,True,False,0,96,4,
2.5,MAON-wt-dil,F1,MAON-templ,F5,6_dil,4,37,False,1_1&10_ib,0,96,5,,0,0,5,True,False,0,96,5,
2.5,MAON-wt-dil,G1,MAON-templ,F5,7_dil,4,37,False,1_1&10_ib,0,96,5,,0,0,6,True,False,0,96,6,
2.5,MAON-wt-dil,H1,MAON-templ,F5,8_dil,4,37,False,1_1&10_ib,0,96,5,,0,0,7,True,False,0,96,7,
2.5,MAON-wt-dil,A2,MAON-templ,F5,9_dil,4,37,False,1_1&10_ib,0,96,5,,0,1,8,True,False,0,96,0,
2.5,MAON-wt-dil,D2,MAON-templ,C11,12_dil,10,82,False,2_11&20_ib,0,96,2,,0,1,11,True,False,0,96,3,
2.5,MAON-wt-dil,E2,MAON-templ,C11,13_dil,10,82,False,2_11&20_ib,0,96,2,,0,1,12,True,False,0,96,4,
2.5,MAON-wt-dil,F2,MAON-templ,C11,14_dil,10,82,False,2_11&20_ib,0,96,2,,0,1,13,True,False,0,96,5,
2.5,MAON-wt-dil,G2,MAON-templ,C11,15_dil,10,82,False,2_11&20_ib,0,96,2,,0,1,14,True,False,0,96,6,
2.5,MAON-wt-dil,H2,MAON-templ,C11,16_dil,10,82,False,2_11&20_ib,0,96,2,,0,1,15,True,False,0,96,7,
2.5,MAON-wt-dil,A3,MAON-templ,C11,17_dil,10,82,False,2_11&20_ib,0,96,2,,0,2,16,True,False,0,96,0,
2.5,MAON-wt-dil,B3,MAON-templ,C11,18_dil,10,82,False,2_11&20_ib,0,96,2,,0,2,17,True,False,0,96,1,
2.5,MAON-wt-dil,C3,MAON-templ,C11,19_dil,10,82,False,2_11&20_ib,0,96,2,,0,2,18,True,False,0,96,2,
2.5,MAON-wt-dil,B1,MAON-templ,G6,2_dil,5,46,False,1_3&4_ib,0,96,6,,0,0,1,True,False,0,96,1,
2.5,MAON-wt-dil,C1,MAON-templ,H5,3_dil,4,39,False,1_2&4_ib,0,96,7,,0,0,2,True,False,0,96,2,
2.5,MAON-wt-dil,D1,MAON-templ,G5,4_dil,4,38,False,1_2&3_ib,0,96,6,,0,0,3,True,False,0,96,3,
2.5,MAON-wt-dil,E1,MAON-templ,G5,5_dil,4,38,False,1_2&3_ib,0,96,6,,0,0,4,True,False,0,96,4,
2.5,MAON-wt-dil,F1,MAON-templ,G5,6_dil,4,38,False,1_2&3_ib,0,96,6,,0,0,5,True,False,0,96,5,
2.5,MAON-wt-dil,G1,MAON-templ,G5,7_dil,4,38,False,1_2&3_ib,0,96,6,,0,0,6,True,False,0,96,6,
2.5,MAON-wt-dil,H1,MAON-templ,G5,8_dil,4,38,False,1_2&3_ib,0,96,6,,0,0,7,True,False,0,96,7,
2.5,MAON-wt-dil,A2,MAON-templ,G5,9_dil,4,38,False,1_2&3_ib,0,96,6,,0,1,8,True,False,0,96,0,
2.5,MAON-wt-dil,D2,MAON-templ,D12,12_dil,11,91,False,2_13&14_ib,0,96,3,,0,1,11,True,False,0,96,3,
2.5,MAON-wt-dil,E2,MAON-templ,E11,13_dil,10,84,False,2_12&14_ib,0,96,4,,0,1,12,True,False,0,96,4,
2.5,MAON-wt-dil,F2,MAON-templ,D11,14_dil,10,83,False,2_12&13_ib,0,96,3,,0,1,13,True,False,0,96,5,
2.5,MAON-wt-dil,G2,MAON-templ,D11,15_dil,10,83,False,2_12&13_ib,0,96,3,,0,1,14,True,False,0,96,6,
2.5,MAON-wt-dil,H2,MAON-templ,D11,16_dil,10,83,False,2_12&13_ib,0,96,3,,0,1,15,True,False,0,96,7,
2.5,MAON-wt-dil,A3,MAON-templ,D11,17_dil,10,83,False,2_12&13_ib,0,96,3,,0,2,16,True,False,0,96,0,
2.5,MAON-wt-dil,B3,MAON-templ,D11,18_dil,10,83,False,2_12&13_ib,0,96,3,,0,2,17,True,False,0,96,1,
2.5,MAON-wt-dil,C3,MAON-templ,D11,19_dil,10,83,False,2_12&13_ib,0,96,3,,0,2,18,True,False,0,96,2,
2.5,MAON-wt-dil,B1,MAON-templ,H6,2_dil,5,47,False,1_3&5_ib,0,96,7,,0,0,1,True,False,0,96,1,
2.5,MAON-wt-dil,C1,MAON-templ,A6,3_dil,5,40,False,1_2&5_ib,0,96,0,,0,0,2,True,False,0,96,2,
2.5,MAON-wt-dil,D1,MAON-templ,A6,4_dil,5,40,False,1_2&5_ib,0,96,0,,0,0,3,True,False,0,96,3,
2.5,MAON-wt-dil,E1,MAON-templ,H5,5_dil,4,39,False,1_2&4_ib,0,96,7,,0,0,4,True,False,0,96,4,
2.5,MAON-wt-dil,F1,MAON-templ,H5,6_dil,4,39,False,1_2&4_ib,0,96,7,,0,0,5,True,False,0,96,5,
2.5,MAON-wt-dil,G1,MAON-templ,H5,7_dil,4,39,False,1_2&4_ib,0,96,7,,0,0,6,True,False,0,96,6,
2.5,MAON-wt-dil,H1,MAON-templ,H5,8_dil,4,39,False,1_2&4_ib,0,96,7,,0,0,7,True,False,0,96,7,
2.5,MAON-wt-dil,A2,MAON-templ,H5,9_dil,4,39,False,1_2&4_ib,0,96,7,,0,1,8,True,False,0,96,0,
2.5,MAON-wt-dil,D2,MAON-templ,E12,12_dil,11,92,False,2_13&15_ib,0,96,4,,0,1,11,True,False,0,96,3,
2.5,MAON-wt-dil,E2,MAON-templ,F11,13_dil,10,85,False,2_12&15_ib,0,96,5,,0,1,12,True,False,0,96,4,
2.5,MAON-wt-dil,F2,MAON-templ,F11,14_dil,10,85,False,2_12&15_ib,0,96,5,,0,1,13,True,False,0,96,5,
2.5,MAON-wt-dil,G2,MAON-templ,E11,15_dil,10,84,False,2_12&14_ib,0,96,4,,0,1,14,True,False,0,96,6,
2.5,MAON-wt-dil,H2,MAON-templ,E11,16_dil,10,84,False,2_12&14_ib,0,96,4,,0,1,15,True,False,0,96,7,
2.5,MAON-wt-dil,A3,MAON-templ,E11,17_dil,10,84,False,2_12&14_ib,0,96,4,,0,2,16,True,False,0,96,0,
2.5,MAON-wt-dil,B3,MAON-templ,E11,18_dil,10,84,False,2_12&14_ib,0,96,4,,0,2,17,True,False,0,96,1,
2.5,MAON-wt-dil,C3,MAON-templ,E11,19_dil,10,84,False,2_12&14_ib,0,96,4,,0,2,18,True,False,0,96,2,
2.5,MAON-wt-dil,B1,MAON-templ,A7,2_dil,6,48,False,1_3&6_ib,0,96,0,,0,0,1,True,False,0,96,1,
2.5,MAON-wt-dil,C1,MAON-templ,B6,3_dil,5,41,False,1_2&6_ib,0,96,1,,0,0,2,True,False,0,96,2,
2.5,MAON-wt-dil,D1,MAON-templ,B6,4_dil,5,41,False,1_2&6_ib,0,96,1,,0,0,3,True,False,0,96,3,
2.5,MAON-wt-dil,E1,MAON-templ,B6,5_dil,5,41,False,1_2&6_ib,0,96,1,,0,0,4,True,False,0,96,4,
2.5,MAON-wt-dil,F1,MAON-templ,A6,6_dil,5,40,False,1_2&5_ib,0,96,0,,0,0,5,True,False,0,96,5,
2.5,MAON-wt-dil,G1,MAON-templ,A6,7_dil,5,40,False,1_2&5_ib,0,96,0,,0,0,6,True,False,0,96,6,
2.5,MAON-wt-dil,H1,MAON-templ,A6,8_dil,5,40,False,1_2&5_ib,0,96,0,,0,0,7,True,False,0,96,7,
2.5,MAON-wt-dil,A2,MAON-templ,A6,9_dil,5,40,False,1_2&5_ib,0,96,0,,0,1,8,True,False,0,96,0,
2.5,MAON-wt-dil,D2,MAON-templ,F12,12_dil,11,93,False,2_13&16_ib,0,96,5,,0,1,11,True,False,0,96,3,
2.5,MAON-wt-dil,E2,MAON-templ,G11,13_dil,10,86,False,2_12&16_ib,0,96,6,,0,1,12,True,False,0,96,4,
2.5,MAON-wt-dil,F2,MAON-templ,G11,14_dil,10,86,False,2_12&16_ib,0,96,6,,0,1,13,True,False,0,96,5,
2.5,MAON-wt-dil,G2,MAON-templ,G11,15_dil,10,86,False,2_12&16_ib,0,96,6,,0,1,14,True,False,0,96,6,
2.5,MAON-wt-dil,H2,MAON-templ,F11,16_dil,10,85,False,2_12&15_ib,0,96,5,,0,1,15,True,False,0,96,7,
2.5,MAON-wt-dil,A3,MAON-templ,F11,17_dil,10,85,False,2_12&15_ib,0,96,5,,0,2,16,True,False,0,96,0,
2.5,MAON-wt-dil,B3,MAON-templ,F11,18_dil,10,85,False,2_12&15_ib,0,96,5,,0,2,17,True,False,0,96,1,
2.5,MAON-wt-dil,C3,MAON-templ,F11,19_dil,10,85,False,2_12&15_ib,0,96,5,,0,2,18,True,False,0,96,2,
2.5,MAON-wt-dil,B1,MAON-templ,B7,2_dil,6,49,False,1_3&7_ib,0,96,1,,0,0,1,True,False,0,96,1,
2.5,MAON-wt-dil,C1,MAON-templ,C6,3_dil,5,42,False,1_2&7_ib,0,96,2,,0,0,2,True,False,0,96,2,
2.5,MAON-wt-dil,D1,MAON-templ,C6,4_dil,5,42,False,1_2&7_ib,0,96,2,,0,0,3,True,False,0,96,3,
2.5,MAON-wt-dil,E1,MAON-templ,C6,5_dil,5,42,False,1_2&7_ib,0,96,2,,0,0,4,True,False,0,96,4,
2.5,MAON-wt-dil,F1,MAON-templ,C6,6_dil,5,42,False,1_2&7_ib,0,96,2,,0,0,5,True,False,0,96,5,
2.5,MAON-wt-dil,G1,MAON-templ,B6,7_dil,5,41,False,1_2&6_ib,0,96,1,,0,0,6,True,False,0,96,6,
2.5,MAON-wt-dil,H1,MAON-templ,B6,8_dil,5,41,False,1_2&6_ib,0,96,1,,0,0,7,True,False,0,96,7,
2.5,MAON-wt-dil,A2,MAON-templ,B6,9_dil,5,41,False,1_2&6_ib,0,96,1,,0,1,8,True,False,0,96,0,
2.5,MAON-wt-dil,D2,MAON-templ,G12,12_dil,11,94,False,2_13&17_ib,0,96,6,,0,1,11,True,False,0,96,3,
2.5,MAON-wt-dil,E2,MAON-templ,H11,13_dil,10,87,False,2_12&17_ib,0,96,7,,0,1,12,True,False,0,96,4,
2.5,MAON-wt-dil,F2,MAON-templ,H11,14_dil,10,87,False,2_12&17_ib,0,96,7,,0,1,13,True,False,0,96,5,
2.5,MAON-wt-dil,G2,MAON-templ,H11,15_dil,10,87,False,2_12&17_ib,0,96,7,,0,1,14,True,False,0,96,6,
2.5,MAON-wt-dil,H2,MAON-templ,H11,16_dil,10,87,False,2_12&17_ib,0,96,7,,0,1,15,True,False,0,96,7,
2.5,MAON-wt-dil,A3,MAON-templ,G11,17_dil,10,86,False,2_12&16_ib,0,96,6,,0,2,16,True,False,0,96,0,
2.5,MAON-wt-dil,B3,MAON-templ,G11,18_dil,10,86,False,2_12&16_ib,0,96,6,,0,2,17,True,False,0,96,1,
2.5,MAON-wt-dil,C3,MAON-templ,G11,19_dil,10,86,False,2_12&16_ib,0,96,6,,0,2,18,True,False,0,96,2,
2.5,MAON-wt-dil,B1,MAON-templ,C7,2_dil,6,50,False,1_3&8_ib,0,96,2,,0,0,1,True,False,0,96,1,
2.5,MAON-wt-dil,C1,MAON-templ,D6,3_dil,5,43,False,1_2&8_ib,0,96,3,,0,0,2,True,False,0,96,2,
2.5,MAON-wt-dil,D1,MAON-templ,D6,4_dil,5,43,False,1_2&8_ib,0,96,3,,0,0,3,True,False,0,96,3,
2.5,MAON-wt-dil,E1,MAON-templ,D6,5_dil,5,43,False,1_2&8_ib,0,96,3,,0,0,4,True,False,0,96,4,
2.5,MAON-wt-dil,F1,MAON-templ,D6,6_dil,5,43,False,1_2&8_ib,0,96,3,,0,0,5,True,False,0,96,5,
2.5,MAON-wt-dil,G1,MAON-templ,D6,7_dil,5,43,False,1_2&8_ib,0,96,3,,0,0,6,True,False,0,96,6,
2.5,MAON-wt-dil,H1,MAON-templ,C6,8_dil,5,42,False,1_2&7_ib,0,96,2,,0,0,7,True,False,0,96,7,
2.5,MAON-wt-dil,A2,MAON-templ,C6,9_dil,5,42,False,1_2&7_ib,0,96,2,,0,1,8,True,False,0,96,0,
2.5,MAON-wt-dil,D2,MAON-templ,H12,12_dil,11,95,False,2_13&18_ib,0,96,7,,0,1,11,True,False,0,96,3,
2.5,MAON-wt-dil,E2,MAON-templ,A12,13_dil,11,88,False,2_12&18_ib,0,96,0,,0,1,12,True,False,0,96,4,
2.5,MAON-wt-dil,F2,MAON-templ,A12,14_dil,11,88,False,2_12&18_ib,0,96,0,,0,1,13,True,False,0,96,5,
2.5,MAON-wt-dil,G2,MAON-templ,A12,15_dil,11,88,False,2_12&18_ib,0,96,0,,0,1,14,True,False,0,96,6,
2.5,MAON-wt-dil,H2,MAON-templ,A12,16_dil,11,88,False,2_12&18_ib,0,96,0,,0,1,15,True,False,0,96,7,
2.5,MAON-wt-dil,A3,MAON-templ,A12,17_dil,11,88,False,2_12&18_ib,0,96,0,,0,2,16,True,False,0,96,0,
2.5,MAON-wt-dil,B3,MAON-templ,H11,18_dil,10,87,False,2_12&17_ib,0,96,7,,0,2,17,True,False,0,96,1,
2.5,MAON-wt-dil,C3,MAON-templ,H11,19_dil,10,87,False,2_12&17_ib,0,96,7,,0,2,18,True,False,0,96,2,
2.5,MAON-wt-dil,B1,MAON-templ,D7,2_dil,6,51,False,1_3&9_ib,0,96,3,,0,0,1,True,False,0,96,1,
2.5,MAON-wt-dil,C1,MAON-templ,E6,3_dil,5,44,False,1_2&9_ib,0,96,4,,0,0,2,True,False,0,96,2,
2.5,MAON-wt-dil,D1,MAON-templ,E6,4_dil,5,44,False,1_2&9_ib,0,96,4,,0,0,3,True,False,0,96,3,
2.5,MAON-wt-dil,E1,MAON-templ,E6,5_dil,5,44,False,1_2&9_ib,0,96,4,,0,0,4,True,False,0,96,4,
2.5,MAON-wt-dil,F1,MAON-templ,E6,6_dil,5,44,False,1_2&9_ib,0,96,4,,0,0,5,True,False,0,96,5,
2.5,MAON-wt-dil,G1,MAON-templ,E6,7_dil,5,44,False,1_2&9_ib,0,96,4,,0,0,6,True,False,0,96,6,
2.5,MAON-wt-dil,H1,MAON-templ,E6,8_dil,5,44,False,1_2&9_ib,0,96,4,,0,0,7,True,False,0,96,7,
2.5,MAON-wt-dil,A2,MAON-templ,D6,9_dil,5,43,False,1_2&8_ib,0,96,3,,0,1,8,True,False,0,96,0,
2.5,MAON-wt-dil,E2,MAON-templ,B12,13_dil,11,89,False,2_12&19_ib,0,96,1,,0,1,12,True,False,0,96,4,
2.5,MAON-wt-dil,F2,MAON-templ,B12,14_dil,11,89,False,2_12&19_ib,0,96,1,,0,1,13,True,False,0,96,5,
2.5,MAON-wt-dil,G2,MAON-templ,B12,15_dil,11,89,False,2_12&19_ib,0,96,1,,0,1,14,True,False,0,96,6,
2.5,MAON-wt-dil,H2,MAON-templ,B12,16_dil,11,89,False,2_12&19_ib,0,96,1,,0,1,15,True,False,0,96,7,
2.5,MAON-wt-dil,A3,MAON-templ,B12,17_dil,11,89,False,2_12&19_ib,0,96,1,,0,2,16,True,False,0,96,0,
2.5,MAON-wt-dil,B3,MAON-templ,B12,18_dil,11,89,False,2_12&19_ib,0,96,1,,0,2,17,True,False,0,96,1,
2.5,MAON-wt-dil,C3,MAON-templ,A12,19_dil,11,88,False,2_12&18_ib,0,96,0,,0,2,18,True,False,0,96,2,
2.5,MAON-wt-dil,B1,MAON-templ,E7,2_dil,6,52,False,1_3&10_ib,0,96,4,,0,0,1,True,False,0,96,1,
2.5,MAON-wt-dil,C1,MAON-templ,F6,3_dil,5,45,False,1_2&10_ib,0,96,5,,0,0,2,True,False,0,96,2,
2.5,MAON-wt-dil,D1,MAON-templ,F6,4_dil,5,45,False,1_2&10_ib,0,96,5,,0,0,3,True,False,0,96,3,
2.5,MAON-wt-dil,E1,MAON-templ,F6,5_dil,5,45,False,1_2&10_ib,0,96,5,,0,0,4,True,False,0,96,4,
2.5,MAON-wt-dil,F1,MAON-templ,F6,6_dil,5,45,False,1_2&10_ib,0,96,5,,0,0,5,True,False,0,96,5,
2.5,MAON-wt-dil,G1,MAON-templ,F6,7_dil,5,45,False,1_2&10_ib,0,96,5,,0,0,6,True,False,0,96,6,
2.5,MAON-wt-dil,H1,MAON-templ,F6,8_dil,5,45,False,1_2&10_ib,0,96,5,,0,0,7,True,False,0,96,7,
2.5,MAON-wt-dil,A2,MAON-templ,F6,9_dil,5,45,False,1_2&10_ib,0,96,5,,0,1,8,True,False,0,96,0,
2.5,MAON-wt-dil,E2,MAON-templ,C12,13_dil,11,90,False,2_12&20_ib,0,96,2,,0,1,12,True,False,0,96,4,
2.5,MAON-wt-dil,F2,MAON-templ,C12,14_dil,11,90,False,2_12&20_ib,0,96,2,,0,1,13,True,False,0,96,5,
2.5,MAON-wt-dil,G2,MAON-templ,C12,15_dil,11,90,False,2_12&20_ib,0,96,2,,0,1,14,True,False,0,96,6,
2.5,MAON-wt-dil,H2,MAON-templ,C12,16_dil,11,90,False,2_12&20_ib,0,96,2,,0,1,15,True,False,0,96,7,
2.5,MAON-wt-dil,A3,MAON-templ,C12,17_dil,11,90,False,2_12&20_ib,0,96,2,,0,2,16,True,False,0,96,0,
2.5,MAON-wt-dil,B3,MAON-templ,C12,18_dil,11,90,False,2_12&20_ib,0,96,2,,0,2,17,True,False,0,96,1,
2.5,MAON-wt-dil,C3,MAON-templ,C12,19_dil,11,90,False,2_12&20_ib,0,96,2,,0,2,18,True,False,0,96,2,
2.5,MAON-wt-dil,B1,MAON-templ,F7,2_dil,6,53,False,1_4&5_ib,0,96,5,,0,0,1,True,False,0,96,1,
2.5,MAON-wt-dil,C1,MAON-templ,F7,3_dil,6,53,False,1_4&5_ib,0,96,5,,0,0,2,True,False,0,96,2,
2.5,MAON-wt-dil,D1,MAON-templ,H6,4_dil,5,47,False,1_3&5_ib,0,96,7,,0,0,3,True,False,0,96,3,
2.5,MAON-wt-dil,E1,MAON-templ,G6,5_dil,5,46,False,1_3&4_ib,0,96,6,,0,0,4,True,False,0,96,4,
2.5,MAON-wt-dil,F1,MAON-templ,G6,6_dil,5,46,False,1_3&4_ib,0,96,6,,0,0,5,True,False,0,96,5,
2.5,MAON-wt-dil,G1,MAON-templ,G6,7_dil,5,46,False,1_3&4_ib,0,96,6,,0,0,6,True,False,0,96,6,
2.5,MAON-wt-dil,H1,MAON-templ,G6,8_dil,5,46,False,1_3&4_ib,0,96,6,,0,0,7,True,False,0,96,7,
2.5,MAON-wt-dil,A2,MAON-templ,G6,9_dil,5,46,False,1_3&4_ib,0,96,6,,0,1,8,True,False,0,96,0,
2.5,MAON-wt-dil,F2,MAON-templ,E12,14_dil,11,92,False,2_13&15_ib,0,96,4,,0,1,13,True,False,0,96,5,
2.5,MAON-wt-dil,G2,MAON-templ,D12,15_dil,11,91,False,2_13&14_ib,0,96,3,,0,1,14,True,False,0,96,6,
2.5,MAON-wt-dil,H2,MAON-templ,D12,16_dil,11,91,False,2_13&14_ib,0,96,3,,0,1,15,True,False,0,96,7,
2.5,MAON-wt-dil,A3,MAON-templ,D12,17_dil,11,91,False,2_13&14_ib,0,96,3,,0,2,16,True,False,0,96,0,
2.5,MAON-wt-dil,B3,MAON-templ,D12,18_dil,11,91,False,2_13&14_ib,0,96,3,,0,2,17,True,False,0,96,1,
2.5,MAON-wt-dil,C3,MAON-templ,D12,19_dil,11,91,False,2_13&14_ib,0,96,3,,0,2,18,True,False,0,96,2,
2.5,MAON-wt-dil,B1,MAON-templ,G7,2_dil,6,54,False,1_4&6_ib,0,96,6,,0,0,1,True,False,0,96,1,
2.5,MAON-wt-dil,C1,MAON-templ,G7,3_dil,6,54,False,1_4&6_ib,0,96,6,,0,0,2,True,False,0,96,2,
2.5,MAON-wt-dil,D1,MAON-templ,A7,4_dil,6,48,False,1_3&6_ib,0,96,0,,0,0,3,True,False,0,96,3,
2.5,MAON-wt-dil,E1,MAON-templ,A7,5_dil,6,48,False,1_3&6_ib,0,96,0,,0,0,4,True,False,0,96,4,
2.5,MAON-wt-dil,F1,MAON-templ,H6,6_dil,5,47,False,1_3&5_ib,0,96,7,,0,0,5,True,False,0,96,5,
2.5,MAON-wt-dil,G1,MAON-templ,H6,7_dil,5,47,False,1_3&5_ib,0,96,7,,0,0,6,True,False,0,96,6,
2.5,MAON-wt-dil,H1,MAON-templ,H6,8_dil,5,47,False,1_3&5_ib,0,96,7,,0,0,7,True,False,0,96,7,
2.5,MAON-wt-dil,A2,MAON-templ,H6,9_dil,5,47,False,1_3&5_ib,0,96,7,,0,1,8,True,False,0,96,0,
2.5,MAON-wt-dil,F2,MAON-templ,F12,14_dil,11,93,False,2_13&16_ib,0,96,5,,0,1,13,True,False,0,96,5,
2.5,MAON-wt-dil,G2,MAON-templ,F12,15_dil,11,93,False,2_13&16_ib,0,96,5,,0,1,14,True,False,0,96,6,
2.5,MAON-wt-dil,H2,MAON-templ,E12,16_dil,11,92,False,2_13&15_ib,0,96,4,,0,1,15,True,False,0,96,7,
2.5,MAON-wt-dil,A3,MAON-templ,E12,17_dil,11,92,False,2_13&15_ib,0,96,4,,0,2,16,True,False,0,96,0,
2.5,MAON-wt-dil,B3,MAON-templ,E12,18_dil,11,92,False,2_13&15_ib,0,96,4,,0,2,17,True,False,0,96,1,
2.5,MAON-wt-dil,C3,MAON-templ,E12,19_dil,11,92,False,2_13&15_ib,0,96,4,,0,2,18,True,False,0,96,2,
2.5,MAON-wt-dil,B1,MAON-templ,H7,2_dil,6,55,False,1_4&7_ib,0,96,7,,0,0,1,True,False,0,96,1,
2.5,MAON-wt-dil,C1,MAON-templ,H7,3_dil,6,55,False,1_4&7_ib,0,96,7,,0,0,2,True,False,0,96,2,
2.5,MAON-wt-dil,D1,MAON-templ,B7,4_dil,6,49,False,1_3&7_ib,0,96,1,,0,0,3,True,False,0,96,3,
2.5,MAON-wt-dil,E1,MAON-templ,B7,5_dil,6,49,False,1_3&7_ib,0,96,1,,0,0,4,True,False,0,96,4,
2.5,MAON-wt-dil,F1,MAON-templ,B7,6_dil,6,49,False,1_3&7_ib,0,96,1,,0,0,5,True,False,0,96,5,
2.5,MAON-wt-dil,G1,MAON-templ,A7,7_dil,6,48,False,1_3&6_ib,0,96,0,,0,0,6,True,False,0,96,6,
2.5,MAON-wt-dil,H1,MAON-templ,A7,8_dil,6,48,False,1_3&6_ib,0,96,0,,0,0,7,True,False,0,96,7,
2.5,MAON-wt-dil,A2,MAON-templ,A7,9_dil,6,48,False,1_3&6_ib,0,96,0,,0,1,8,True,False,0,96,0,
2.5,MAON-wt-dil,F2,MAON-templ,G12,14_dil,11,94,False,2_13&17_ib,0,96,6,,0,1,13,True,False,0,96,5,
2.5,MAON-wt-dil,G2,MAON-templ,G12,15_dil,11,94,False,2_13&17_ib,0,96,6,,0,1,14,True,False,0,96,6,
2.5,MAON-wt-dil,H2,MAON-templ,G12,16_dil,11,94,False,2_13&17_ib,0,96,6,,0,1,15,True,False,0,96,7,
2.5,MAON-wt-dil,A3,MAON-templ,F12,17_dil,11,93,False,2_13&16_ib,0,96,5,,0,2,16,True,False,0,96,0,
2.5,MAON-wt-dil,B3,MAON-templ,F12,18_dil,11,93,False,2_13&16_ib,0,96,5,,0,2,17,True,False,0,96,1,
2.5,MAON-wt-dil,C3,MAON-templ,F12,19_dil,11,93,False,2_13&16_ib,0,96,5,,0,2,18,True,False,0,96,2,
2.5,MAON-wt-dil,B1,MAON-templ,A8,2_dil,7,56,False,1_4&8_ib,0,96,0,,0,0,1,True,False,0,96,1,
2.5,MAON-wt-dil,C1,MAON-templ,A8,3_dil,7,56,False,1_4&8_ib,0,96,0,,0,0,2,True,False,0,96,2,
2.5,MAON-wt-dil,D1,MAON-templ,C7,4_dil,6,50,False,1_3&8_ib,0,96,2,,0,0,3,True,False,0,96,3,
2.5,MAON-wt-dil,E1,MAON-templ,C7,5_dil,6,50,False,1_3&8_ib,0,96,2,,0,0,4,True,False,0,96,4,
2.5,MAON-wt-dil,F1,MAON-templ,C7,6_dil,6,50,False,1_3&8_ib,0,96,2,,0,0,5,True,False,0,96,5,
2.5,MAON-wt-dil,G1,MAON-templ,C7,7_dil,6,50,False,1_3&8_ib,0,96,2,,0,0,6,True,False,0,96,6,
2.5,MAON-wt-dil,H1,MAON-templ,B7,8_dil,6,49,False,1_3&7_ib,0,96,1,,0,0,7,True,False,0,96,7,
2.5,MAON-wt-dil,A2,MAON-templ,B7,9_dil,6,49,False,1_3&7_ib,0,96,1,,0,1,8,True,False,0,96,0,
2.5,MAON-wt-dil,F2,MAON-templ,H12,14_dil,11,95,False,2_13&18_ib,0,96,7,,0,1,13,True,False,0,96,5,
2.5,MAON-wt-dil,G2,MAON-templ,H12,15_dil,11,95,False,2_13&18_ib,0,96,7,,0,1,14,True,False,0,96,6,
2.5,MAON-wt-dil,H2,MAON-templ,H12,16_dil,11,95,False,2_13&18_ib,0,96,7,,0,1,15,True,False,0,96,7,
2.5,MAON-wt-dil,A3,MAON-templ,H12,17_dil,11,95,False,2_13&18_ib,0,96,7,,0,2,16,True,False,0,96,0,
2.5,MAON-wt-dil,B3,MAON-templ,G12,18_dil,11,94,False,2_13&17_ib,0,96,6,,0,2,17,True,False,0,96,1,
2.5,MAON-wt-dil,C3,MAON-templ,G12,19_dil,11,94,False,2_13&17_ib,0,96,6,,0,2,18,True,False,0,96,2,
2.5,MAON-wt-dil,B1,MAON-templ,B8,2_dil,7,57,False,1_4&9_ib,0,96,1,,0,0,1,True,False,0,96,1,
2.5,MAON-wt-dil,C1,MAON-templ,B8,3_dil,7,57,False,1_4&9_ib,0,96,1,,0,0,2,True,False,0,96,2,
2.5,MAON-wt-dil,D1,MAON-templ,D7,4_dil,6,51,False,1_3&9_ib,0,96,3,,0,0,3,True,False,0,96,3,
2.5,MAON-wt-dil,E1,MAON-templ,D7,5_dil,6,51,False,1_3&9_ib,0,96,3,,0,0,4,True,False,0,96,4,
2.5,MAON-wt-dil,F1,MAON-templ,D7,6_dil,6,51,False,1_3&9_ib,0,96,3,,0,0,5,True,False,0,96,5,
2.5,MAON-wt-dil,G1,MAON-templ,D7,7_dil,6,51,False,1_3&9_ib,0,96,3,,0,0,6,True,False,0,96,6,
2.5,MAON-wt-dil,H1,MAON-templ,D7,8_dil,6,51,False,1_3&9_ib,0,96,3,,0,0,7,True,False,0,96,7,
2.5,MAON-wt-dil,A2,MAON-templ,C7,9_dil,6,50,False,1_3&8_ib,0,96,2,,0,1,8,True,False,0,96,0,
2.5,MAON-wt-dil,C3,MAON-templ,H12,19_dil,11,95,False,2_13&18_ib,0,96,7,,0,2,18,True,False,0,96,2,
2.5,MAON-wt-dil,B1,MAON-templ,C8,2_dil,7,58,False,1_4&10_ib,0,96,2,,0,0,1,True,False,0,96,1,
2.5,MAON-wt-dil,C1,MAON-templ,C8,3_dil,7,58,False,1_4&10_ib,0,96,2,,0,0,2,True,False,0,96,2,
2.5,MAON-wt-dil,D1,MAON-templ,E7,4_dil,6,52,False,1_3&10_ib,0,96,4,,0,0,3,True,False,0,96,3,
2.5,MAON-wt-dil,E1,MAON-templ,E7,5_dil,6,52,False,1_3&10_ib,0,96,4,,0,0,4,True,False,0,96,4,
2.5,MAON-wt-dil,F1,MAON-templ,E7,6_dil,6,52,False,1_3&10_ib,0,96,4,,0,0,5,True,False,0,96,5,
2.5,MAON-wt-dil,G1,MAON-templ,E7,7_dil,6,52,False,1_3&10_ib,0,96,4,,0,0,6,True,False,0,96,6,
2.5,MAON-wt-dil,H1,MAON-templ,E7,8_dil,6,52,False,1_3&10_ib,0,96,4,,0,0,7,True,False,0,96,7,
2.5,MAON-wt-dil,A2,MAON-templ,E7,9_dil,6,52,False,1_3&10_ib,0,96,4,,0,1,8,True,False,0,96,0,
2.5,MAON-wt-dil,B1,MAON-templ,D8,2_dil,7,59,False,1_5&6_ib,0,96,3,,0,0,1,True,False,0,96,1,
2.5,MAON-wt-dil,C1,MAON-templ,D8,3_dil,7,59,False,1_5&6_ib,0,96,3,,0,0,2,True,False,0,96,2,
2.5,MAON-wt-dil,D1,MAON-templ,D8,4_dil,7,59,False,1_5&6_ib,0,96,3,,0,0,3,True,False,0,96,3,
2.5,MAON-wt-dil,E1,MAON-templ,G7,5_dil,6,54,False,1_4&6_ib,0,96,6,,0,0,4,True,False,0,96,4,
2.5,MAON-wt-dil,F1,MAON-templ,F7,6_dil,6,53,False,1_4&5_ib,0,96,5,,0,0,5,True,False,0,96,5,
2.5,MAON-wt-dil,G1,MAON-templ,F7,7_dil,6,53,False,1_4&5_ib,0,96,5,,0,0,6,True,False,0,96,6,
2.5,MAON-wt-dil,H1,MAON-templ,F7,8_dil,6,53,False,1_4&5_ib,0,96,5,,0,0,7,True,False,0,96,7,
2.5,MAON-wt-dil,A2,MAON-templ,F7,9_dil,6,53,False,1_4&5_ib,0,96,5,,0,1,8,True,False,0,96,0,
2.5,MAON-wt-dil,B1,MAON-templ,E8,2_dil,7,60,False,1_5&7_ib,0,96,4,,0,0,1,True,False,0,96,1,
2.5,MAON-wt-dil,C1,MAON-templ,E8,3_dil,7,60,False,1_5&7_ib,0,96,4,,0,0,2,True,False,0,96,2,
2.5,MAON-wt-dil,D1,MAON-templ,E8,4_dil,7,60,False,1_5&7_ib,0,96,4,,0,0,3,True,False,0,96,3,
2.5,MAON-wt-dil,E1,MAON-templ,H7,5_dil,6,55,False,1_4&7_ib,0,96,7,,0,0,4,True,False,0,96,4,
2.5,MAON-wt-dil,F1,MAON-templ,H7,6_dil,6,55,False,1_4&7_ib,0,96,7,,0,0,5,True,False,0,96,5,
2.5,MAON-wt-dil,G1,MAON-templ,G7,7_dil,6,54,False,1_4&6_ib,0,96,6,,0,0,6,True,False,0,96,6,
2.5,MAON-wt-dil,H1,MAON-templ,G7,8_dil,6,54,False,1_4&6_ib,0,96,6,,0,0,7,True,False,0,96,7,
2.5,MAON-wt-dil,A2,MAON-templ,G7,9_dil,6,54,False,1_4&6_ib,0,96,6,,0,1,8,True,False,0,96,0,
2.5,MAON-wt-dil,B1,MAON-templ,F8,2_dil,7,61,False,1_5&8_ib,0,96,5,,0,0,1,True,False,0,96,1,
2.5,MAON-wt-dil,C1,MAON-templ,F8,3_dil,7,61,False,1_5&8_ib,0,96,5,,0,0,2,True,False,0,96,2,
2.5,MAON-wt-dil,D1,MAON-templ,F8,4_dil,7,61,False,1_5&8_ib,0,96,5,,0,0,3,True,False,0,96,3,
2.5,MAON-wt-dil,E1,MAON-templ,A8,5_dil,7,56,False,1_4&8_ib,0,96,0,,0,0,4,True,False,0,96,4,
2.5,MAON-wt-dil,F1,MAON-templ,A8,6_dil,7,56,False,1_4&8_ib,0,96,0,,0,0,5,True,False,0,96,5,
2.5,MAON-wt-dil,G1,MAON-templ,A8,7_dil,7,56,False,1_4&8_ib,0,96,0,,0,0,6,True,False,0,96,6,
2.5,MAON-wt-dil,H1,MAON-templ,H7,8_dil,6,55,False,1_4&7_ib,0,96,7,,0,0,7,True,False,0,96,7,
2.5,MAON-wt-dil,A2,MAON-templ,H7,9_dil,6,55,False,1_4&7_ib,0,96,7,,0,1,8,True,False,0,96,0,
2.5,MAON-wt-dil,B1,MAON-templ,G8,2_dil,7,62,False,1_5&9_ib,0,96,6,,0,0,1,True,False,0,96,1,
2.5,MAON-wt-dil,C1,MAON-templ,G8,3_dil,7,62,False,1_5&9_ib,0,96,6,,0,0,2,True,False,0,96,2,
2.5,MAON-wt-dil,D1,MAON-templ,G8,4_dil,7,62,False,1_5&9_ib,0,96,6,,0,0,3,True,False,0,96,3,
2.5,MAON-wt-dil,E1,MAON-templ,B8,5_dil,7,57,False,1_4&9_ib,0,96,1,,0,0,4,True,False,0,96,4,
2.5,MAON-wt-dil,F1,MAON-templ,B8,6_dil,7,57,False,1_4&9_ib,0,96,1,,0,0,5,True,False,0,96,5,
2.5,MAON-wt-dil,G1,MAON-templ,B8,7_dil,7,57,False,1_4&9_ib,0,96,1,,0,0,6,True,False,0,96,6,
2.5,MAON-wt-dil,H1,MAON-templ,B8,8_dil,7,57,False,1_4&9_ib,0,96,1,,0,0,7,True,False,0,96,7,
2.5,MAON-wt-dil,A2,MAON-templ,A8,9_dil,7,56,False,1_4&8_ib,0,96,0,,0,1,8,True,False,0,96,0,
2.5,MAON-wt-dil,B1,MAON-templ,H8,2_dil,7,63,False,1_5&10_ib,0,96,7,,0,0,1,True,False,0,96,1,
2.5,MAON-wt-dil,C1,MAON-templ,H8,3_dil,7,63,False,1_5&10_ib,0,96,7,,0,0,2,True,False,0,96,2,
2.5,MAON-wt-dil,D1,MAON-templ,H8,4_dil,7,63,False,1_5&10_ib,0,96,7,,0,0,3,True,False,0,96,3,
2.5,MAON-wt-dil,E1,MAON-templ,C8,5_dil,7,58,False,1_4&10_ib,0,96,2,,0,0,4,True,False,0,96,4,
2.5,MAON-wt-dil,F1,MAON-templ,C8,6_dil,7,58,False,1_4&10_ib,0,96,2,,0,0,5,True,False,0,96,5,
2.5,MAON-wt-dil,G1,MAON-templ,C8,7_dil,7,58,False,1_4&10_ib,0,96,2,,0,0,6,True,False,0,96,6,
2.5,MAON-wt-dil,H1,MAON-templ,C8,8_dil,7,58,False,1_4&10_ib,0,96,2,,0,0,7,True,False,0,96,7,
2.5,MAON-wt-dil,A2,MAON-templ,C8,9_dil,7,58,False,1_4&10_ib,0,96,2,,0,1,8,True,False,0,96,0,
2.5,MAON-wt-dil,B1,MAON-templ,A9,2_dil,8,64,False,1_6&7_ib,0,96,0,,0,0,1,True,False,0,96,1,
2.5,MAON-wt-dil,C1,MAON-templ,A9,3_dil,8,64,False,1_6&7_ib,0,96,0,,0,0,2,True,False,0,96,2,
2.5,MAON-wt-dil,D1,MAON-templ,A9,4_dil,8,64,False,1_6&7_ib,0,96,0,,0,0,3,True,False,0,96,3,
2.5,MAON-wt-dil,E1,MAON-templ,A9,5_dil,8,64,False,1_6&7_ib,0,96,0,,0,0,4,True,False,0,96,4,
2.5,MAON-wt-dil,F1,MAON-templ,E8,6_dil,7,60,False,1_5&7_ib,0,96,4,,0,0,5,True,False,0,96,5,
2.5,MAON-wt-dil,G1,MAON-templ,D8,7_dil,7,59,False,1_5&6_ib,0,96,3,,0,0,6,True,False,0,96,6,
2.5,MAON-wt-dil,H1,MAON-templ,D8,8_dil,7,59,False,1_5&6_ib,0,96,3,,0,0,7,True,False,0,96,7,
2.5,MAON-wt-dil,A2,MAON-templ,D8,9_dil,7,59,False,1_5&6_ib,0,96,3,,0,1,8,True,False,0,96,0,
2.5,MAON-wt-dil,B1,MAON-templ,B9,2_dil,8,65,False,1_6&8_ib,0,96,1,,0,0,1,True,False,0,96,1,
2.5,MAON-wt-dil,C1,MAON-templ,B9,3_dil,8,65,False,1_6&8_ib,0,96,1,,0,0,2,True,False,0,96,2,
2.5,MAON-wt-dil,D1,MAON-templ,B9,4_dil,8,65,False,1_6&8_ib,0,96,1,,0,0,3,True,False,0,96,3,
2.5,MAON-wt-dil,E1,MAON-templ,B9,5_dil,8,65,False,1_6&8_ib,0,96,1,,0,0,4,True,False,0,96,4,
2.5,MAON-wt-dil,F1,MAON-templ,F8,6_dil,7,61,False,1_5&8_ib,0,96,5,,0,0,5,True,False,0,96,5,
2.5,MAON-wt-dil,G1,MAON-templ,F8,7_dil,7,61,False,1_5&8_ib,0,96,5,,0,0,6,True,False,0,96,6,
2.5,MAON-wt-dil,H1,MAON-templ,E8,8_dil,7,60,False,1_5&7_ib,0,96,4,,0,0,7,True,False,0,96,7,
2.5,MAON-wt-dil,A2,MAON-templ,E8,9_dil,7,60,False,1_5&7_ib,0,96,4,,0,1,8,True,False,0,96,0,
2.5,MAON-wt-dil,B1,MAON-templ,C9,2_dil,8,66,False,1_6&9_ib,0,96,2,,0,0,1,True,False,0,96,1,
2.5,MAON-wt-dil,C1,MAON-templ,C9,3_dil,8,66,False,1_6&9_ib,0,96,2,,0,0,2,True,False,0,96,2,
2.5,MAON-wt-dil,D1,MAON-templ,C9,4_dil,8,66,False,1_6&9_ib,0,96,2,,0,0,3,True,False,0,96,3,
2.5,MAON-wt-dil,E1,MAON-templ,C9,5_dil,8,66,False,1_6&9_ib,0,96,2,,0,0,4,True,False,0,96,4,
2.5,MAON-wt-dil,F1,MAON-templ,G8,6_dil,7,62,False,1_5&9_ib,0,96,6,,0,0,5,True,False,0,96,5,
2.5,MAON-wt-dil,G1,MAON-templ,G8,7_dil,7,62,False,1_5&9_ib,0,96,6,,0,0,6,True,False,0,96,6,
2.5,MAON-wt-dil,H1,MAON-templ,G8,8_dil,7,62,False,1_5&9_ib,0,96,6,,0,0,7,True,False,0,96,7,
2.5,MAON-wt-dil,A2,MAON-templ,F8,9_dil,7,61,False,1_5&8_ib,0,96,5,,0,1,8,True,False,0,96,0,
2.5,MAON-wt-dil,B1,MAON-templ,D9,2_dil,8,67,False,1_6&10_ib,0,96,3,,0,0,1,True,False,0,96,1,
2.5,MAON-wt-dil,C1,MAON-templ,D9,3_dil,8,67,False,1_6&10_ib,0,96,3,,0,0,2,True,False,0,96,2,
2.5,MAON-wt-dil,D1,MAON-templ,D9,4_dil,8,67,False,1_6&10_ib,0,96,3,,0,0,3,True,False,0,96,3,
2.5,MAON-wt-dil,E1,MAON-templ,D9,5_dil,8,67,False,1_6&10_ib,0,96,3,,0,0,4,True,False,0,96,4,
2.5,MAON-wt-dil,F1,MAON-templ,H8,6_dil,7,63,False,1_5&10_ib,0,96,7,,0,0,5,True,False,0,96,5,
2.5,MAON-wt-dil,G1,MAON-templ,H8,7_dil,7,63,False,1_5&10_ib,0,96,7,,0,0,6,True,False,0,96,6,
2.5,MAON-wt-dil,H1,MAON-templ,H8,8_dil,7,63,False,1_5&10_ib,0,96,7,,0,0,7,True,False,0,96,7,
2.5,MAON-wt-dil,A2,MAON-templ,H8,9_dil,7,63,False,1_5&10_ib,0,96,7,,0,1,8,True,False,0,96,0,
2.5,MAON-wt-dil,B1,MAON-templ,E9,2_dil,8,68,False,1_7&8_ib,0,96,4,,0,0,1,True,False,0,96,1,
2.5,MAON-wt-dil,C1,MAON-templ,E9,3_dil,8,68,False,1_7&8_ib,0,96,4,,0,0,2,True,False,0,96,2,
2.5,MAON-wt-dil,D1,MAON-templ,E9,4_dil,8,68,False,1_7&8_ib,0,96,4,,0,0,3,True,False,0,96,3,
2.5,MAON-wt-dil,E1,MAON-templ,E9,5_dil,8,68,False,1_7&8_ib,0,96,4,,0,0,4,True,False,0,96,4,
2.5,MAON-wt-dil,F1,MAON-templ,E9,6_dil,8,68,False,1_7&8_ib,0,96,4,,0,0,5,True,False,0,96,5,
2.5,MAON-wt-dil,G1,MAON-templ,B9,7_dil,8,65,False,1_6&8_ib,0,96,1,,0,0,6,True,False,0,96,6,
2.5,MAON-wt-dil,H1,MAON-templ,A9,8_dil,8,64,False,1_6&7_ib,0,96,0,,0,0,7,True,False,0,96,7,
2.5,MAON-wt-dil,A2,MAON-templ,A9,9_dil,8,64,False,1_6&7_ib,0,96,0,,0,1,8,True,False,0,96,0,
2.5,MAON-wt-dil,B1,MAON-templ,F9,2_dil,8,69,False,1_7&9_ib,0,96,5,,0,0,1,True,False,0,96,1,
2.5,MAON-wt-dil,C1,MAON-templ,F9,3_dil,8,69,False,1_7&9_ib,0,96,5,,0,0,2,True,False,0,96,2,
2.5,MAON-wt-dil,D1,MAON-templ,F9,4_dil,8,69,False,1_7&9_ib,0,96,5,,0,0,3,True,False,0,96,3,
2.5,MAON-wt-dil,E1,MAON-templ,F9,5_dil,8,69,False,1_7&9_ib,0,96,5,,0,0,4,True,False,0,96,4,
2.5,MAON-wt-dil,F1,MAON-templ,F9,6_dil,8,69,False,1_7&9_ib,0,96,5,,0,0,5,True,False,0,96,5,
2.5,MAON-wt-dil,G1,MAON-templ,C9,7_dil,8,66,False,1_6&9_ib,0,96,2,,0,0,6,True,False,0,96,6,
2.5,MAON-wt-dil,H1,MAON-templ,C9,8_dil,8,66,False,1_6&9_ib,0,96,2,,0,0,7,True,False,0,96,7,
2.5,MAON-wt-dil,A2,MAON-templ,B9,9_dil,8,65,False,1_6&8_ib,0,96,1,,0,1,8,True,False,0,96,0,
2.5,MAON-wt-dil,B1,MAON-templ,G9,2_dil,8,70,False,1_7&10_ib,0,96,6,,0,0,1,True,False,0,96,1,
2.5,MAON-wt-dil,C1,MAON-templ,G9,3_dil,8,70,False,1_7&10_ib,0,96,6,,0,0,2,True,False,0,96,2,
2.5,MAON-wt-dil,D1,MAON-templ,G9,4_dil,8,70,False,1_7&10_ib,0,96,6,,0,0,3,True,False,0,96,3,
2.5,MAON-wt-dil,E1,MAON-templ,G9,5_dil,8,70,False,1_7&10_ib,0,96,6,,0,0,4,True,False,0,96,4,
2.5,MAON-wt-dil,F1,MAON-templ,G9,6_dil,8,70,False,1_7&10_ib,0,96,6,,0,0,5,True,False,0,96,5,
2.5,MAON-wt-dil,G1,MAON-templ,D9,7_dil,8,67,False,1_6&10_ib,0,96,3,,0,0,6,True,False,0,96,6,
2.5,MAON-wt-dil,H1,MAON-templ,D9,8_dil,8,67,False,1_6&10_ib,0,96,3,,0,0,7,True,False,0,96,7,
2.5,MAON-wt-dil,A2,MAON-templ,D9,9_dil,8,67,False,1_6&10_ib,0,96,3,,0,1,8,True,False,0,96,0,
2.5,MAON-wt-dil,B1,MAON-templ,H9,2_dil,8,71,False,1_8&9_ib,0,96,7,,0,0,1,True,False,0,96,1,
2.5,MAON-wt-dil,C1,MAON-templ,H9,3_dil,8,71,False,1_8&9_ib,0,96,7,,0,0,2,True,False,0,96,2,
2.5,MAON-wt-dil,D1,MAON-templ,H9,4_dil,8,71,False,1_8&9_ib,0,96,7,,0,0,3,True,False,0,96,3,
2.5,MAON-wt-dil,E1,MAON-templ,H9,5_dil,8,71,False,1_8&9_ib,0,96,7,,0,0,4,True,False,0,96,4,
2.5,MAON-wt-dil,F1,MAON-templ,H9,6_dil,8,71,False,1_8&9_ib,0,96,7,,0,0,5,True,False,0,96,5,
2.5,MAON-wt-dil,G1,MAON-templ,H9,7_dil,8,71,False,1_8&9_ib,0,96,7,,0,0,6,True,False,0,96,6,
2.5,MAON-wt-dil,H1,MAON-templ,F9,8_dil,8,69,False,1_7&9_ib,0,96,5,,0,0,7,True,False,0,96,7,
2.5,MAON-wt-dil,A2,MAON-templ,E9,9_dil,8,68,False,1_7&8_ib,0,96,4,,0,1,8,True,False,0,96,0,
2.5,MAON-wt-dil,B1,MAON-templ,A10,2_dil,9,72,False,1_8&10_ib,0,96,0,,0,0,1,True,False,0,96,1,
2.5,MAON-wt-dil,C1,MAON-templ,A10,3_dil,9,72,False,1_8&10_ib,0,96,0,,0,0,2,True,False,0,96,2,
2.5,MAON-wt-dil,D1,MAON-templ,A10,4_dil,9,72,False,1_8&10_ib,0,96,0,,0,0,3,True,False,0,96,3,
2.5,MAON-wt-dil,E1,MAON-templ,A10,5_dil,9,72,False,1_8&10_ib,0,96,0,,0,0,4,True,False,0,96,4,
2.5,MAON-wt-dil,F1,MAON-templ,A10,6_dil,9,72,False,1_8&10_ib,0,96,0,,0,0,5,True,False,0,96,5,
2.5,MAON-wt-dil,G1,MAON-templ,A10,7_dil,9,72,False,1_8&10_ib,0,96,0,,0,0,6,True,False,0,96,6,
2.5,MAON-wt-dil,H1,MAON-templ,G9,8_dil,8,70,False,1_7&10_ib,0,96,6,,0,0,7,True,False,0,96,7,
2.5,MAON-wt-dil,A2,MAON-templ,G9,9_dil,8,70,False,1_7&10_ib,0,96,6,,0,1,8,True,False,0,96,0,
2.5,MAON-wt-dil,B1,MAON-templ,B10,2_dil,9,73,False,1_9&10_ib,0,96,1,,0,0,1,True,False,0,96,1,
2.5,MAON-wt-dil,C1,MAON-templ,B10,3_dil,9,73,False,1_9&10_ib,0,96,1,,0,0,2,True,False,0,96,2,
2.5,MAON-wt-dil,D1,MAON-templ,B10,4_dil,9,73,False,1_9&10_ib,0,96,1,,0,0,3,True,False,0,96,3,
2.5,MAON-wt-dil,E1,MAON-templ,B10,5_dil,9,73,False,1_9&10_ib,0,96,1,,0,0,4,True,False,0,96,4,
2.5,MAON-wt-dil,F1,MAON-templ,B10,6_dil,9,73,False,1_9&10_ib,0,96,1,,0,0,5,True,False,0,96,5,
2.5,MAON-wt-dil,G1,MAON-templ,B10,7_dil,9,73,False,1_9&10_ib,0,96,1,,0,0,6,True,False,0,96,6,
2.5,MAON-wt-dil,H1,MAON-templ,B10,8_dil,9,73,False,1_9&10_ib,0,96,1,,0,0,7,True,False,0,96,7,
2.5,MAON-wt-dil,A2,MAON-templ,A10,9_dil,9,72,False,1_8&10_ib,0,96,0,,0,1,8,True,False,0,96,0,
