Volume,SourcePlateBarcode,SourcePlateWell,DestinationPlateBarcode,DestinationPlateWell,ComponentName,dest_col,dest_idx,dest_is_reagent,dest_name,dest_pipette_idx,dest_plate_size,dest_row,dest_well_fixed,level,src_col,src_idx,src_is_input,src_is_reagent,src_pipette_idx,src_plate_size,src_row,src_well_fixed
180,MastermixTrough,A1,MAON-wt-dil,A1,water,0,0,False,1_dil,0,96,0,,0,0,0,False,True,0,96,0,
180,MastermixTrough,B1,MAON-wt-dil,B1,water,0,1,False,2_dil,0,96,1,,0,0,1,False,True,0,96,1,
180,MastermixTrough,C1,MAON-wt-dil,C1,water,0,2,False,3_dil,0,96,2,,0,0,2,False,True,0,96,2,
180,MastermixTrough,D1,MAON-wt-dil,D1,water,0,3,False,4_dil,0,96,3,,0,0,3,False,True,0,96,3,
180,MastermixTrough,E1,MAON-wt-dil,E1,water,0,4,False,5_dil,0,96,4,,0,0,4,False,True,0,96,4,
180,MastermixTrough,F1,MAON-wt-dil,F1,water,0,5,False,6_dil,0,96,5,,0,0,5,False,True,0,96,5,
180,MastermixTrough,G1,MAON-wt-dil,G1,water,0,6,False,7_dil,0,96,6,,0,0,6,False,True,0,96,6,
180,MastermixTrough,H1,MAON-wt-dil,H1,water,0,7,False,8_dil,0,96,7,,0,0,7,False,True,0,96,7,
180,MastermixTrough,A1,MAON-wt-dil,A2,water,1,8,False,9_dil,0,96,0,,0,0,0,False,True,0,96,0,
180,MastermixTrough,B1,MAON-wt-dil,B2,water,1,9,False,10_dil,0,96,1,,0,0,1,False,True,0,96,1,
180,MastermixTrough,C1,MAON-wt-dil,C2,water,1,10,False,11_dil,0,96,2,,0,0,2,False,True,0,96,2,
180,MastermixTrough,D1,MAON-wt-dil,D2,water,1,11,False,12_dil,0,96,3,,0,0,3,False,True,0,96,3,
180,MastermixTrough,E1,MAON-wt-dil,E2,water,1,12,False,13_dil,0,96,4,,0,0,4,False,True,0,96,4,
180,MastermixTrough,F1,MAON-wt-dil,F2,water,1,13,False,14_dil,0,96,5,,0,0,5,False,True,0,96,5,
180,MastermixTrough,G1,MAON-wt-dil,G2,water,1,14,False,15_dil,0,96,6,,0,0,6,False,True,0,96,6,
180,MastermixTrough,H1,MAON-wt-dil,H2,water,1,15,False,16_dil,0,96,7,,0,0,7,False,True,0,96,7,
180,MastermixTrough,A1,MAON-wt-dil,A3,water,2,16,False,17_dil,0,96,0,,0,0,0,False,True,0,96,0,
180,MastermixTrough,B1,MAON-wt-dil,B3,water,2,17,False,18_dil,0,96,1,,0,0,1,False,True,0,96,1,
180,MastermixTrough,C1,MAON-wt-dil,C3,water,2,18,False,19_dil,0,96,2,,0,0,2,False,True,0,96,2,
180,MastermixTrough,D1,MAON-wt-dil,D3,water,2,19,False,20_dil,0,96,3,,0,0,3,False,True,0,96,3,
180,MastermixTrough,E1,MAON-wt-dil,E3,water,2,20,False,21_dil,0,96,4,,0,0,4,False,True,0,96,4,
180,MastermixTrough,F1,MAON-wt-dil,F3,water,2,21,False,22_dil,0,96,5,,0,0,5,False,True,0,96,5,
180,MastermixTrough,G1,MAON-wt-dil,G3,water,2,22,False,23_dil,0,96,6,,0,0,6,False,True,0,96,6,
180,MastermixTrough,H1,MAON-wt-dil,H3,water,2,23,False,24_dil,0,96,7,,0,0,7,False,True,0,96,7,
180,MastermixTrough,A1,MAON-wt-dil,A4,water,3,24,False,25_dil,0,96,0,,0,0,0,False,True,0,96,0,
180,MastermixTrough,B1,MAON-wt-dil,B4,water,3,25,False,26_dil,0,96,1,,0,0,1,False,True,0,96,1,
180,MastermixTrough,C1,MAON-wt-dil,C4,water,3,26,False,27_dil,0,96,2,,0,0,2,False,True,0,96,2,
180,MastermixTrough,D1,MAON-wt-dil,D4,water,3,27,False,28_dil,0,96,3,,0,0,3,False,True,0,96,3,
180,MastermixTrough,E1,MAON-wt-dil,E4,water,3,28,False,5-primer_dil,0,96,4,,0,0,4,False,True,0,96,4,
20,wt,A1,MAON-wt-dil,A1,1,0,0,False,1_dil,0,96,0,,0,0,0,True,False,0,96,0,
20,wt,B1,MAON-wt-dil,E2,13,1,12,False,13_dil,0,96,4,,0,0,1,True,False,0,96,1,
20,wt,C1,MAON-wt-dil,A4,25,3,24,False,25_dil,0,96,0,,0,0,2,True,False,0,96,2,
20,wt,A2,MAON-wt-dil,B1,2,0,1,False,2_dil,0,96,1,,0,1,8,True,False,0,96,0,
20,wt,B2,MAON-wt-dil,F2,14,1,13,False,14_dil,0,96,5,,0,1,9,True,False,0,96,1,
20,wt,C2,MAON-wt-dil,B4,26,3,25,False,26_dil,0,96,1,,0,1,10,True,False,0,96,2,
20,wt,A3,MAON-wt-dil,C1,3,0,2,False,3_dil,0,96,2,,0,2,16,True,False,0,96,0,
20,wt,B3,MAON-wt-dil,G2,15,1,14,False,15_dil,0,96,6,,0,2,17,True,False,0,96,1,
20,wt,C3,MAON-wt-dil,C4,27,3,26,False,27_dil,0,96,2,,0,2,18,True,False,0,96,2,
20,wt,A4,MAON-wt-dil,D1,4,0,3,False,4_dil,0,96,3,,0,3,24,True,False,0,96,0,
20,wt,B4,MAON-wt-dil,H2,16,1,15,False,16_dil,0,96,7,,0,3,25,True,False,0,96,1,
20,wt,C4,MAON-wt-dil,D4,28,3,27,False,28_dil,0,96,3,,0,3,26,True,False,0,96,2,
20,wt,A5,MAON-wt-dil,E1,5,0,4,False,5_dil,0,96,4,,0,4,32,True,False,0,96,0,
20,wt,B5,MAON-wt-dil,A3,17,2,16,False,17_dil,0,96,0,,0,4,33,True,False,0,96,1,
20,wt,C5,MAON-wt-dil,E4,5-primer,3,28,False,5-primer_dil,0,96,4,,0,4,34,True,False,0,96,2,
20,wt,A6,MAON-wt-dil,F1,6,0,5,False,6_dil,0,96,5,,0,5,40,True,False,0,96,0,
20,wt,B6,MAON-wt-dil,B3,18,2,17,False,18_dil,0,96,1,,0,5,41,True,False,0,96,1,
20,wt,A7,MAON-wt-dil,G1,7,0,6,False,7_dil,0,96,6,,0,6,48,True,False,0,96,0,
20,wt,B7,MAON-wt-dil,C3,19,2,18,False,19_dil,0,96,2,,0,6,49,True,False,0,96,1,
20,wt,A8,MAON-wt-dil,H1,8,0,7,False,8_dil,0,96,7,,0,7,56,True,False,0,96,0,
20,wt,B8,MAON-wt-dil,D3,20,2,19,False,20_dil,0,96,3,,0,7,57,True,False,0,96,1,
20,wt,A9,MAON-wt-dil,A2,9,1,8,False,9_dil,0,96,0,,0,8,64,True,False,0,96,0,
20,wt,B9,MAON-wt-dil,E3,21,2,20,False,21_dil,0,96,4,,0,8,65,True,False,0,96,1,
20,wt,A10,MAON-wt-dil,B2,10,1,9,False,10_dil,0,96,1,,0,9,72,True,False,0,96,0,
20,wt,B10,MAON-wt-dil,F3,22,2,21,False,22_dil,0,96,5,,0,9,73,True,False,0,96,1,
20,wt,A11,MAON-wt-dil,C2,11,1,10,False,11_dil,0,96,2,,0,10,80,True,False,0,96,0,
20,wt,B11,MAON-wt-dil,G3,23,2,22,False,23_dil,0,96,6,,0,10,81,True,False,0,96,1,
20,wt,A12,MAON-wt-dil,D2,12,1,11,False,12_dil,0,96,3,,0,11,88,True,False,0,96,0,
20,wt,B12,MAON-wt-dil,H3,24,2,23,False,24_dil,0,96,7,,0,11,89,True,False,0,96,1,
