Volume,SourcePlateBarcode,SourcePlateWell,DestinationPlateBarcode,DestinationPlateWell,ComponentName,dest_col,dest_idx,dest_is_reagent,dest_name,dest_pipette_idx,dest_plate_size,dest_row,dest_well_fixed,level,src_col,src_idx,src_is_input,src_is_reagent,src_pipette_idx,src_plate_size,src_row,src_well_fixed
9.0,MAON-pcr1,D1,MAON-mut-bk,A1,1_1_b,0,0,False,1_1_p,0,96,0,,0,0,3,True,False,0,96,3,
9.0,MAON-pcr1,E1,MAON-mut-bk,A1,1_2_b,0,0,False,1_1_p,0,96,0,,0,0,4,True,False,0,96,4,
9.0,MAON-pcr1,F1,MAON-mut-bk,A1,1_3_b,0,0,False,1_1_p,0,96,0,,0,0,5,True,False,0,96,5,
9.0,MAON-pcr1,G1,MAON-mut-bk,A1,1_4_b,0,0,False,1_1_p,0,96,0,,0,0,6,True,False,0,96,6,
9.0,MAON-pcr1,H1,MAON-mut-bk,A1,1_5_b,0,0,False,1_1_p,0,96,0,,0,0,7,True,False,0,96,7,
9.0,MAON-pcr1,A2,MAON-mut-bk,A1,1_6_b,0,0,False,1_1_p,0,96,0,,0,1,8,True,False,0,96,0,
9.0,MAON-pcr1,B2,MAON-mut-bk,A1,1_7_b,0,0,False,1_1_p,0,96,0,,0,1,9,True,False,0,96,1,
9.0,MAON-pcr1,C2,MAON-mut-bk,A1,1_8_b,0,0,False,1_1_p,0,96,0,,0,1,10,True,False,0,96,2,
9.0,MAON-pcr1,D2,MAON-mut-bk,A1,1_9_b,0,0,False,1_1_p,0,96,0,,0,1,11,True,False,0,96,3,
9.0,MAON-pcr1,E2,MAON-mut-bk,A1,1_10_b,0,0,False,1_1_p,0,96,0,,0,1,12,True,False,0,96,4,
9.0,MAON-pcr1,F2,MAON-mut-bk,B1,2_11_b,0,1,False,2_1_p,0,96,1,,0,1,13,True,False,0,96,5,
9.0,MAON-pcr1,G2,MAON-mut-bk,B1,2_12_b,0,1,False,2_1_p,0,96,1,,0,1,14,True,False,0,96,6,
9.0,MAON-pcr1,H2,MAON-mut-bk,B1,2_13_b,0,1,False,2_1_p,0,96,1,,0,1,15,True,False,0,96,7,
9.0,MAON-pcr1,A3,MAON-mut-bk,B1,2_14_b,0,1,False,2_1_p,0,96,1,,0,2,16,True,False,0,96,0,
9.0,MAON-pcr1,B3,MAON-mut-bk,B1,2_15_b,0,1,False,2_1_p,0,96,1,,0,2,17,True,False,0,96,1,
9.0,MAON-pcr1,C3,MAON-mut-bk,B1,2_16_b,0,1,False,2_1_p,0,96,1,,0,2,18,True,False,0,96,2,
9.0,MAON-pcr1,D3,MAON-mut-bk,B1,2_17_b,0,1,False,2_1_p,0,96,1,,0,2,19,True,False,0,96,3,
9.0,MAON-pcr1,E3,MAON-mut-bk,B1,2_18_b,0,1,False,2_1_p,0,96,1,,0,2,20,True,False,0,96,4,
9.0,MAON-pcr1,F3,MAON-mut-bk,B1,2_19_b,0,1,False,2_1_p,0,96,1,,0,2,21,True,False,0,96,5,
9.0,MAON-pcr1,G3,MAON-mut-bk,B1,2_20_b,0,1,False,2_1_p,0,96,1,,0,2,22,True,False,0,96,6,
15.0,MAON-pcr1,H3,MAON-mut-bk,C1,3_21_b,0,2,False,3_1_p,0,96,2,,0,2,23,True,False,0,96,7,
15.0,MAON-pcr1,A4,MAON-mut-bk,C1,3_22_b,0,2,False,3_1_p,0,96,2,,0,3,24,True,False,0,96,0,
15.0,MAON-pcr1,B4,MAON-mut-bk,C1,3_23_b,0,2,False,3_1_p,0,96,2,,0,3,25,True,False,0,96,1,
15.0,MAON-pcr1,C4,MAON-mut-bk,C1,3_24_b,0,2,False,3_1_p,0,96,2,,0,3,26,True,False,0,96,2,
15.0,MAON-pcr1,D4,MAON-mut-bk,C1,3_25_b,0,2,False,3_1_p,0,96,2,,0,3,27,True,False,0,96,3,
15.0,MAON-pcr1,E4,MAON-mut-bk,C1,3_26_b,0,2,False,3_1_p,0,96,2,,0,3,28,True,False,0,96,4,
2.0,MAON-pcr1,F4,MAON-mut-bk,D1,1_1&2_b,0,3,False,1_2_p,0,96,3,,0,3,29,True,False,0,96,5,
2.0,MAON-pcr1,G4,MAON-mut-bk,D1,1_1&3_b,0,3,False,1_2_p,0,96,3,,0,3,30,True,False,0,96,6,
2.0,MAON-pcr1,H4,MAON-mut-bk,D1,1_1&4_b,0,3,False,1_2_p,0,96,3,,0,3,31,True,False,0,96,7,
2.0,MAON-pcr1,A5,MAON-mut-bk,D1,1_1&5_b,0,3,False,1_2_p,0,96,3,,0,4,32,True,False,0,96,0,
2.0,MAON-pcr1,B5,MAON-mut-bk,D1,1_1&6_b,0,3,False,1_2_p,0,96,3,,0,4,33,True,False,0,96,1,
2.0,MAON-pcr1,C5,MAON-mut-bk,D1,1_1&7_b,0,3,False,1_2_p,0,96,3,,0,4,34,True,False,0,96,2,
2.0,MAON-pcr1,D5,MAON-mut-bk,D1,1_1&8_b,0,3,False,1_2_p,0,96,3,,0,4,35,True,False,0,96,3,
2.0,MAON-pcr1,E5,MAON-mut-bk,D1,1_1&9_b,0,3,False,1_2_p,0,96,3,,0,4,36,True,False,0,96,4,
2.0,MAON-pcr1,F5,MAON-mut-bk,D1,1_1&10_b,0,3,False,1_2_p,0,96,3,,0,4,37,True,False,0,96,5,
2.0,MAON-pcr1,G5,MAON-mut-bk,D1,1_2&3_b,0,3,False,1_2_p,0,96,3,,0,4,38,True,False,0,96,6,
2.0,MAON-pcr1,H5,MAON-mut-bk,D1,1_2&4_b,0,3,False,1_2_p,0,96,3,,0,4,39,True,False,0,96,7,
2.0,MAON-pcr1,A6,MAON-mut-bk,D1,1_2&5_b,0,3,False,1_2_p,0,96,3,,0,5,40,True,False,0,96,0,
2.0,MAON-pcr1,B6,MAON-mut-bk,D1,1_2&6_b,0,3,False,1_2_p,0,96,3,,0,5,41,True,False,0,96,1,
2.0,MAON-pcr1,C6,MAON-mut-bk,D1,1_2&7_b,0,3,False,1_2_p,0,96,3,,0,5,42,True,False,0,96,2,
2.0,MAON-pcr1,D6,MAON-mut-bk,D1,1_2&8_b,0,3,False,1_2_p,0,96,3,,0,5,43,True,False,0,96,3,
2.0,MAON-pcr1,E6,MAON-mut-bk,D1,1_2&9_b,0,3,False,1_2_p,0,96,3,,0,5,44,True,False,0,96,4,
2.0,MAON-pcr1,F6,MAON-mut-bk,D1,1_2&10_b,0,3,False,1_2_p,0,96,3,,0,5,45,True,False,0,96,5,
2.0,MAON-pcr1,G6,MAON-mut-bk,D1,1_3&4_b,0,3,False,1_2_p,0,96,3,,0,5,46,True,False,0,96,6,
2.0,MAON-pcr1,H6,MAON-mut-bk,D1,1_3&5_b,0,3,False,1_2_p,0,96,3,,0,5,47,True,False,0,96,7,
2.0,MAON-pcr1,A7,MAON-mut-bk,D1,1_3&6_b,0,3,False,1_2_p,0,96,3,,0,6,48,True,False,0,96,0,
2.0,MAON-pcr1,B7,MAON-mut-bk,D1,1_3&7_b,0,3,False,1_2_p,0,96,3,,0,6,49,True,False,0,96,1,
2.0,MAON-pcr1,C7,MAON-mut-bk,D1,1_3&8_b,0,3,False,1_2_p,0,96,3,,0,6,50,True,False,0,96,2,
2.0,MAON-pcr1,D7,MAON-mut-bk,D1,1_3&9_b,0,3,False,1_2_p,0,96,3,,0,6,51,True,False,0,96,3,
2.0,MAON-pcr1,E7,MAON-mut-bk,D1,1_3&10_b,0,3,False,1_2_p,0,96,3,,0,6,52,True,False,0,96,4,
2.0,MAON-pcr1,F7,MAON-mut-bk,D1,1_4&5_b,0,3,False,1_2_p,0,96,3,,0,6,53,True,False,0,96,5,
2.0,MAON-pcr1,G7,MAON-mut-bk,D1,1_4&6_b,0,3,False,1_2_p,0,96,3,,0,6,54,True,False,0,96,6,
2.0,MAON-pcr1,H7,MAON-mut-bk,D1,1_4&7_b,0,3,False,1_2_p,0,96,3,,0,6,55,True,False,0,96,7,
2.0,MAON-pcr1,A8,MAON-mut-bk,D1,1_4&8_b,0,3,False,1_2_p,0,96,3,,0,7,56,True,False,0,96,0,
2.0,MAON-pcr1,B8,MAON-mut-bk,D1,1_4&9_b,0,3,False,1_2_p,0,96,3,,0,7,57,True,False,0,96,1,
2.0,MAON-pcr1,C8,MAON-mut-bk,D1,1_4&10_b,0,3,False,1_2_p,0,96,3,,0,7,58,True,False,0,96,2,
2.0,MAON-pcr1,D8,MAON-mut-bk,D1,1_5&6_b,0,3,False,1_2_p,0,96,3,,0,7,59,True,False,0,96,3,
2.0,MAON-pcr1,E8,MAON-mut-bk,D1,1_5&7_b,0,3,False,1_2_p,0,96,3,,0,7,60,True,False,0,96,4,
2.0,MAON-pcr1,F8,MAON-mut-bk,D1,1_5&8_b,0,3,False,1_2_p,0,96,3,,0,7,61,True,False,0,96,5,
2.0,MAON-pcr1,G8,MAON-mut-bk,D1,1_5&9_b,0,3,False,1_2_p,0,96,3,,0,7,62,True,False,0,96,6,
2.0,MAON-pcr1,H8,MAON-mut-bk,D1,1_5&10_b,0,3,False,1_2_p,0,96,3,,0,7,63,True,False,0,96,7,
2.0,MAON-pcr1,A9,MAON-mut-bk,D1,1_6&7_b,0,3,False,1_2_p,0,96,3,,0,8,64,True,False,0,96,0,
2.0,MAON-pcr1,B9,MAON-mut-bk,D1,1_6&8_b,0,3,False,1_2_p,0,96,3,,0,8,65,True,False,0,96,1,
2.0,MAON-pcr1,C9,MAON-mut-bk,D1,1_6&9_b,0,3,False,1_2_p,0,96,3,,0,8,66,True,False,0,96,2,
2.0,MAON-pcr1,D9,MAON-mut-bk,D1,1_6&10_b,0,3,False,1_2_p,0,96,3,,0,8,67,True,False,0,96,3,
2.0,MAON-pcr1,E9,MAON-mut-bk,D1,1_7&8_b,0,3,False,1_2_p,0,96,3,,0,8,68,True,False,0,96,4,
2.0,MAON-pcr1,F9,MAON-mut-bk,D1,1_7&9_b,0,3,False,1_2_p,0,96,3,,0,8,69,True,False,0,96,5,
2.0,MAON-pcr1,G9,MAON-mut-bk,D1,1_7&10_b,0,3,False,1_2_p,0,96,3,,0,8,70,True,False,0,96,6,
2.0,MAON-pcr1,H9,MAON-mut-bk,D1,1_8&9_b,0,3,False,1_2_p,0,96,3,,0,8,71,True,False,0,96,7,
2.0,MAON-pcr1,A10,MAON-mut-bk,D1,1_8&10_b,0,3,False,1_2_p,0,96,3,,0,9,72,True,False,0,96,0,
2.0,MAON-pcr1,B10,MAON-mut-bk,D1,1_9&10_b,0,3,False,1_2_p,0,96,3,,0,9,73,True,False,0,96,1,
2.0,MAON-pcr1,C10,MAON-mut-bk,E1,2_11&12_b,0,4,False,2_2_p,0,96,4,,0,9,74,True,False,0,96,2,
2.0,MAON-pcr1,D10,MAON-mut-bk,E1,2_11&13_b,0,4,False,2_2_p,0,96,4,,0,9,75,True,False,0,96,3,
2.0,MAON-pcr1,E10,MAON-mut-bk,E1,2_11&14_b,0,4,False,2_2_p,0,96,4,,0,9,76,True,False,0,96,4,
2.0,MAON-pcr1,F10,MAON-mut-bk,E1,2_11&15_b,0,4,False,2_2_p,0,96,4,,0,9,77,True,False,0,96,5,
2.0,MAON-pcr1,G10,MAON-mut-bk,E1,2_11&16_b,0,4,False,2_2_p,0,96,4,,0,9,78,True,False,0,96,6,
2.0,MAON-pcr1,H10,MAON-mut-bk,E1,2_11&17_b,0,4,False,2_2_p,0,96,4,,0,9,79,True,False,0,96,7,
2.0,MAON-pcr1,A11,MAON-mut-bk,E1,2_11&18_b,0,4,False,2_2_p,0,96,4,,0,10,80,True,False,0,96,0,
2.0,MAON-pcr1,B11,MAON-mut-bk,E1,2_11&19_b,0,4,False,2_2_p,0,96,4,,0,10,81,True,False,0,96,1,
2.0,MAON-pcr1,C11,MAON-mut-bk,E1,2_11&20_b,0,4,False,2_2_p,0,96,4,,0,10,82,True,False,0,96,2,
2.0,MAON-pcr1,D11,MAON-mut-bk,E1,2_12&13_b,0,4,False,2_2_p,0,96,4,,0,10,83,True,False,0,96,3,
2.0,MAON-pcr1,E11,MAON-mut-bk,E1,2_12&14_b,0,4,False,2_2_p,0,96,4,,0,10,84,True,False,0,96,4,
2.0,MAON-pcr1,F11,MAON-mut-bk,E1,2_12&15_b,0,4,False,2_2_p,0,96,4,,0,10,85,True,False,0,96,5,
2.0,MAON-pcr1,G11,MAON-mut-bk,E1,2_12&16_b,0,4,False,2_2_p,0,96,4,,0,10,86,True,False,0,96,6,
2.0,MAON-pcr1,H11,MAON-mut-bk,E1,2_12&17_b,0,4,False,2_2_p,0,96,4,,0,10,87,True,False,0,96,7,
2.0,MAON-pcr1,A12,MAON-mut-bk,E1,2_12&18_b,0,4,False,2_2_p,0,96,4,,0,11,88,True,False,0,96,0,
2.0,MAON-pcr1,B12,MAON-mut-bk,E1,2_12&19_b,0,4,False,2_2_p,0,96,4,,0,11,89,True,False,0,96,1,
2.0,MAON-pcr1,C12,MAON-mut-bk,E1,2_12&20_b,0,4,False,2_2_p,0,96,4,,0,11,90,True,False,0,96,2,
2.0,MAON-pcr1,D12,MAON-mut-bk,E1,2_13&14_b,0,4,False,2_2_p,0,96,4,,0,11,91,True,False,0,96,3,
2.0,MAON-pcr1,E12,MAON-mut-bk,E1,2_13&15_b,0,4,False,2_2_p,0,96,4,,0,11,92,True,False,0,96,4,
2.0,MAON-pcr1,F12,MAON-mut-bk,E1,2_13&16_b,0,4,False,2_2_p,0,96,4,,0,11,93,True,False,0,96,5,
2.0,MAON-pcr1,G12,MAON-mut-bk,E1,2_13&17_b,0,4,False,2_2_p,0,96,4,,0,11,94,True,False,0,96,6,
2.0,MAON-pcr1,H12,MAON-mut-bk,E1,2_13&18_b,0,4,False,2_2_p,0,96,4,,0,11,95,True,False,0,96,7,
2.0,MAON-pcr1-2,A1,MAON-mut-bk,E1,2_13&19_b,0,4,False,2_2_p,0,96,4,,0,0,0,True,False,0,96,0,
2.0,MAON-pcr1-2,B1,MAON-mut-bk,E1,2_13&20_b,0,4,False,2_2_p,0,96,4,,0,0,1,True,False,0,96,1,
2.0,MAON-pcr1-2,C1,MAON-mut-bk,E1,2_14&15_b,0,4,False,2_2_p,0,96,4,,0,0,2,True,False,0,96,2,
2.0,MAON-pcr1-2,D1,MAON-mut-bk,E1,2_14&16_b,0,4,False,2_2_p,0,96,4,,0,0,3,True,False,0,96,3,
2.0,MAON-pcr1-2,E1,MAON-mut-bk,E1,2_14&17_b,0,4,False,2_2_p,0,96,4,,0,0,4,True,False,0,96,4,
2.0,MAON-pcr1-2,F1,MAON-mut-bk,E1,2_14&18_b,0,4,False,2_2_p,0,96,4,,0,0,5,True,False,0,96,5,
2.0,MAON-pcr1-2,G1,MAON-mut-bk,E1,2_14&19_b,0,4,False,2_2_p,0,96,4,,0,0,6,True,False,0,96,6,
2.0,MAON-pcr1-2,H1,MAON-mut-bk,E1,2_14&20_b,0,4,False,2_2_p,0,96,4,,0,0,7,True,False,0,96,7,
2.0,MAON-pcr1-2,A2,MAON-mut-bk,E1,2_15&16_b,0,4,False,2_2_p,0,96,4,,0,1,8,True,False,0,96,0,
2.0,MAON-pcr1-2,B2,MAON-mut-bk,E1,2_15&17_b,0,4,False,2_2_p,0,96,4,,0,1,9,True,False,0,96,1,
2.0,MAON-pcr1-2,C2,MAON-mut-bk,E1,2_15&18_b,0,4,False,2_2_p,0,96,4,,0,1,10,True,False,0,96,2,
2.0,MAON-pcr1-2,D2,MAON-mut-bk,E1,2_15&19_b,0,4,False,2_2_p,0,96,4,,0,1,11,True,False,0,96,3,
2.0,MAON-pcr1-2,E2,MAON-mut-bk,E1,2_15&20_b,0,4,False,2_2_p,0,96,4,,0,1,12,True,False,0,96,4,
2.0,MAON-pcr1-2,F2,MAON-mut-bk,E1,2_16&17_b,0,4,False,2_2_p,0,96,4,,0,1,13,True,False,0,96,5,
2.0,MAON-pcr1-2,G2,MAON-mut-bk,E1,2_16&18_b,0,4,False,2_2_p,0,96,4,,0,1,14,True,False,0,96,6,
2.0,MAON-pcr1-2,H2,MAON-mut-bk,E1,2_16&19_b,0,4,False,2_2_p,0,96,4,,0,1,15,True,False,0,96,7,
2.0,MAON-pcr1-2,A3,MAON-mut-bk,E1,2_16&20_b,0,4,False,2_2_p,0,96,4,,0,2,16,True,False,0,96,0,
2.0,MAON-pcr1-2,B3,MAON-mut-bk,E1,2_17&18_b,0,4,False,2_2_p,0,96,4,,0,2,17,True,False,0,96,1,
2.0,MAON-pcr1-2,C3,MAON-mut-bk,E1,2_17&19_b,0,4,False,2_2_p,0,96,4,,0,2,18,True,False,0,96,2,
2.0,MAON-pcr1-2,D3,MAON-mut-bk,E1,2_17&20_b,0,4,False,2_2_p,0,96,4,,0,2,19,True,False,0,96,3,
2.0,MAON-pcr1-2,E3,MAON-mut-bk,E1,2_18&19_b,0,4,False,2_2_p,0,96,4,,0,2,20,True,False,0,96,4,
2.0,MAON-pcr1-2,F3,MAON-mut-bk,E1,2_18&20_b,0,4,False,2_2_p,0,96,4,,0,2,21,True,False,0,96,5,
2.0,MAON-pcr1-2,G3,MAON-mut-bk,E1,2_19&20_b,0,4,False,2_2_p,0,96,4,,0,2,22,True,False,0,96,6,
6.0,MAON-pcr1-2,H3,MAON-mut-bk,F1,3_21&22_b,0,5,False,3_2_p,0,96,5,,0,2,23,True,False,0,96,7,
6.0,MAON-pcr1-2,A4,MAON-mut-bk,F1,3_21&23_b,0,5,False,3_2_p,0,96,5,,0,3,24,True,False,0,96,0,
6.0,MAON-pcr1-2,B4,MAON-mut-bk,F1,3_21&24_b,0,5,False,3_2_p,0,96,5,,0,3,25,True,False,0,96,1,
6.0,MAON-pcr1-2,C4,MAON-mut-bk,F1,3_21&25_b,0,5,False,3_2_p,0,96,5,,0,3,26,True,False,0,96,2,
6.0,MAON-pcr1-2,D4,MAON-mut-bk,F1,3_21&26_b,0,5,False,3_2_p,0,96,5,,0,3,27,True,False,0,96,3,
6.0,MAON-pcr1-2,E4,MAON-mut-bk,F1,3_22&23_b,0,5,False,3_2_p,0,96,5,,0,3,28,True,False,0,96,4,
6.0,MAON-pcr1-2,F4,MAON-mut-bk,F1,3_22&24_b,0,5,False,3_2_p,0,96,5,,0,3,29,True,False,0,96,5,
6.0,MAON-pcr1-2,G4,MAON-mut-bk,F1,3_22&25_b,0,5,False,3_2_p,0,96,5,,0,3,30,True,False,0,96,6,
6.0,MAON-pcr1-2,H4,MAON-mut-bk,F1,3_22&26_b,0,5,False,3_2_p,0,96,5,,0,3,31,True,False,0,96,7,
6.0,MAON-pcr1-2,A5,MAON-mut-bk,F1,3_23&24_b,0,5,False,3_2_p,0,96,5,,0,4,32,True,False,0,96,0,
6.0,MAON-pcr1-2,B5,MAON-mut-bk,F1,3_23&25_b,0,5,False,3_2_p,0,96,5,,0,4,33,True,False,0,96,1,
6.0,MAON-pcr1-2,C5,MAON-mut-bk,F1,3_23&26_b,0,5,False,3_2_p,0,96,5,,0,4,34,True,False,0,96,2,
6.0,MAON-pcr1-2,D5,MAON-mut-bk,F1,3_24&25_b,0,5,False,3_2_p,0,96,5,,0,4,35,True,False,0,96,3,
6.0,MAON-pcr1-2,E5,MAON-mut-bk,F1,3_24&26_b,0,5,False,3_2_p,0,96,5,,0,4,36,True,False,0,96,4,
6.0,MAON-pcr1-2,F5,MAON-mut-bk,F1,3_25&26_b,0,5,False,3_2_p,0,96,5,,0,4,37,True,False,0,96,5,
