Volume,SourcePlateBarcode,SourcePlateWell,DestinationPlateBarcode,DestinationPlateWell,ComponentName,dest_col,dest_idx,dest_is_reagent,dest_name,dest_pipette_idx,dest_plate_size,dest_row,dest_well_fixed,level,src_col,src_idx,src_is_input,src_is_reagent,src_pipette_idx,src_plate_size,src_row,src_well_fixed
10,mut,A1,MAON-mut-pl,A1,1_1,0,0,False,1m,0,96,0,,0,0,0,True,False,0,384,0,
10,mut,C1,MAON-mut-pl,D1,4_7,0,3,False,4m,0,96,3,,0,0,2,True,False,0,384,2,
10,mut,E1,MAON-mut-pl,H1,8_5,0,7,False,8m,0,96,7,,0,0,4,True,False,0,384,4,
10,mut,G1,MAON-mut-pl,D2,12_4,1,11,False,12m,0,96,3,,0,0,6,True,False,0,384,6,
10,mut,I1,MAON-mut-pl,G2,15_13,1,14,False,15m,0,96,6,,0,0,8,True,False,0,384,8,
10,mut,K1,MAON-mut-pl,C3,19_9,2,18,False,19m,0,96,2,,0,0,10,True,False,0,384,10,
10,mut,M1,MAON-mut-pl,G3,23_8,2,22,False,23m,0,96,6,,0,0,12,True,False,0,384,12,
10,mut,A2,MAON-mut-pl,A1,1_2,0,0,False,1m,0,96,0,,0,1,16,True,False,0,384,0,
10,mut,C2,MAON-mut-pl,D1,4_8,0,3,False,4m,0,96,3,,0,1,18,True,False,0,384,2,
10,mut,E2,MAON-mut-pl,H1,8_6,0,7,False,8m,0,96,7,,0,1,20,True,False,0,384,4,
10,mut,G2,MAON-mut-pl,D2,12_5,1,11,False,12m,0,96,3,,0,1,22,True,False,0,384,6,
10,mut,I2,MAON-mut-pl,G2,15_14,1,14,False,15m,0,96,6,,0,1,24,True,False,0,384,8,
10,mut,K2,MAON-mut-pl,C3,19_10,2,18,False,19m,0,96,2,,0,1,26,True,False,0,384,10,
10,mut,M2,MAON-mut-pl,G3,23_9,2,22,False,23m,0,96,6,,0,1,28,True,False,0,384,12,
10,mut,A3,MAON-mut-pl,A1,1_3,0,0,False,1m,0,96,0,,0,2,32,True,False,0,384,0,
10,mut,C3,MAON-mut-pl,D1,4_9,0,3,False,4m,0,96,3,,0,2,34,True,False,0,384,2,
10,mut,E3,MAON-mut-pl,H1,8_7,0,7,False,8m,0,96,7,,0,2,36,True,False,0,384,4,
10,mut,G3,MAON-mut-pl,D2,12_6,1,11,False,12m,0,96,3,,0,2,38,True,False,0,384,6,
10,mut,I3,MAON-mut-pl,H2,16_1,1,15,False,16m,0,96,7,,0,2,40,True,False,0,384,8,
10,mut,K3,MAON-mut-pl,C3,19_11,2,18,False,19m,0,96,2,,0,2,42,True,False,0,384,10,
10,mut,M3,MAON-mut-pl,G3,23_10,2,22,False,23m,0,96,6,,0,2,44,True,False,0,384,12,
10,mut,A4,MAON-mut-pl,A1,1_4,0,0,False,1m,0,96,0,,0,3,48,True,False,0,384,0,
10,mut,C4,MAON-mut-pl,D1,4_10,0,3,False,4m,0,96,3,,0,3,50,True,False,0,384,2,
10,mut,E4,MAON-mut-pl,H1,8_8,0,7,False,8m,0,96,7,,0,3,52,True,False,0,384,4,
10,mut,G4,MAON-mut-pl,D2,12_7,1,11,False,12m,0,96,3,,0,3,54,True,False,0,384,6,
10,mut,I4,MAON-mut-pl,H2,16_2,1,15,False,16m,0,96,7,,0,3,56,True,False,0,384,8,
10,mut,K4,MAON-mut-pl,D3,20_1,2,19,False,20m,0,96,3,,0,3,58,True,False,0,384,10,
10,mut,M4,MAON-mut-pl,G3,23_11,2,22,False,23m,0,96,6,,0,3,60,True,False,0,384,12,
10,mut,A5,MAON-mut-pl,A1,1_5,0,0,False,1m,0,96,0,,0,4,64,True,False,0,384,0,
10,mut,C5,MAON-mut-pl,D1,4_11,0,3,False,4m,0,96,3,,0,4,66,True,False,0,384,2,
10,mut,E5,MAON-mut-pl,H1,8_9,0,7,False,8m,0,96,7,,0,4,68,True,False,0,384,4,
10,mut,G5,MAON-mut-pl,D2,12_8,1,11,False,12m,0,96,3,,0,4,70,True,False,0,384,6,
10,mut,I5,MAON-mut-pl,H2,16_3,1,15,False,16m,0,96,7,,0,4,72,True,False,0,384,8,
10,mut,K5,MAON-mut-pl,D3,20_2,2,19,False,20m,0,96,3,,0,4,74,True,False,0,384,10,
10,mut,M5,MAON-mut-pl,G3,23_12,2,22,False,23m,0,96,6,,0,4,76,True,False,0,384,12,
10,mut,A6,MAON-mut-pl,A1,1_6,0,0,False,1m,0,96,0,,0,5,80,True,False,0,384,0,
10,mut,C6,MAON-mut-pl,D1,4_12,0,3,False,4m,0,96,3,,0,5,82,True,False,0,384,2,
10,mut,E6,MAON-mut-pl,H1,8_10,0,7,False,8m,0,96,7,,0,5,84,True,False,0,384,4,
10,mut,G6,MAON-mut-pl,D2,12_9,1,11,False,12m,0,96,3,,0,5,86,True,False,0,384,6,
10,mut,I6,MAON-mut-pl,H2,16_4,1,15,False,16m,0,96,7,,0,5,88,True,False,0,384,8,
10,mut,K6,MAON-mut-pl,D3,20_3,2,19,False,20m,0,96,3,,0,5,90,True,False,0,384,10,
10,mut,M6,MAON-mut-pl,G3,23_13,2,22,False,23m,0,96,6,,0,5,92,True,False,0,384,12,
10,mut,A7,MAON-mut-pl,A1,1_7,0,0,False,1m,0,96,0,,0,6,96,True,False,0,384,0,
10,mut,C7,MAON-mut-pl,D1,4_13,0,3,False,4m,0,96,3,,0,6,98,True,False,0,384,2,
10,mut,E7,MAON-mut-pl,H1,8_11,0,7,False,8m,0,96,7,,0,6,100,True,False,0,384,4,
10,mut,G7,MAON-mut-pl,D2,12_10,1,11,False,12m,0,96,3,,0,6,102,True,False,0,384,6,
10,mut,I7,MAON-mut-pl,H2,16_5,1,15,False,16m,0,96,7,,0,6,104,True,False,0,384,8,
10,mut,K7,MAON-mut-pl,D3,20_4,2,19,False,20m,0,96,3,,0,6,106,True,False,0,384,10,
10,mut,M7,MAON-mut-pl,H3,24_1,2,23,False,24m,0,96,7,,0,6,108,True,False,0,384,12,
10,mut,A8,MAON-mut-pl,A1,1_8,0,0,False,1m,0,96,0,,0,7,112,True,False,0,384,0,
10,mut,C8,MAON-mut-pl,D1,4_14,0,3,False,4m,0,96,3,,0,7,114,True,False,0,384,2,
10,mut,E8,MAON-mut-pl,H1,8_12,0,7,False,8m,0,96,7,,0,7,116,True,False,0,384,4,
10,mut,G8,MAON-mut-pl,D2,12_11,1,11,False,12m,0,96,3,,0,7,118,True,False,0,384,6,
10,mut,I8,MAON-mut-pl,H2,16_6,1,15,False,16m,0,96,7,,0,7,120,True,False,0,384,8,
10,mut,K8,MAON-mut-pl,D3,20_5,2,19,False,20m,0,96,3,,0,7,122,True,False,0,384,10,
10,mut,M8,MAON-mut-pl,H3,24_2,2,23,False,24m,0,96,7,,0,7,124,True,False,0,384,12,
10,mut,A9,MAON-mut-pl,A1,1_9,0,0,False,1m,0,96,0,,0,8,128,True,False,0,384,0,
10,mut,C9,MAON-mut-pl,E1,5_1,0,4,False,5m,0,96,4,,0,8,130,True,False,0,384,2,
10,mut,E9,MAON-mut-pl,H1,8_13,0,7,False,8m,0,96,7,,0,8,132,True,False,0,384,4,
10,mut,G9,MAON-mut-pl,D2,12_12,1,11,False,12m,0,96,3,,0,8,134,True,False,0,384,6,
10,mut,I9,MAON-mut-pl,H2,16_7,1,15,False,16m,0,96,7,,0,8,136,True,False,0,384,8,
10,mut,K9,MAON-mut-pl,D3,20_6,2,19,False,20m,0,96,3,,0,8,138,True,False,0,384,10,
10,mut,M9,MAON-mut-pl,H3,24_3,2,23,False,24m,0,96,7,,0,8,140,True,False,0,384,12,
10,mut,A10,MAON-mut-pl,A1,1_10,0,0,False,1m,0,96,0,,0,9,144,True,False,0,384,0,
10,mut,C10,MAON-mut-pl,E1,5_2,0,4,False,5m,0,96,4,,0,9,146,True,False,0,384,2,
10,mut,E10,MAON-mut-pl,A2,9_1,1,8,False,9m,0,96,0,,0,9,148,True,False,0,384,4,
10,mut,G10,MAON-mut-pl,D2,12_13,1,11,False,12m,0,96,3,,0,9,150,True,False,0,384,6,
10,mut,I10,MAON-mut-pl,H2,16_8,1,15,False,16m,0,96,7,,0,9,152,True,False,0,384,8,
10,mut,K10,MAON-mut-pl,D3,20_7,2,19,False,20m,0,96,3,,0,9,154,True,False,0,384,10,
10,mut,M10,MAON-mut-pl,H3,24_4,2,23,False,24m,0,96,7,,0,9,156,True,False,0,384,12,
10,mut,A11,MAON-mut-pl,A1,1_11,0,0,False,1m,0,96,0,,0,10,160,True,False,0,384,0,
10,mut,C11,MAON-mut-pl,E1,5_3,0,4,False,5m,0,96,4,,0,10,162,True,False,0,384,2,
10,mut,E11,MAON-mut-pl,A2,9_2,1,8,False,9m,0,96,0,,0,10,164,True,False,0,384,4,
10,mut,G11,MAON-mut-pl,E2,13_1,1,12,False,13m,0,96,4,,0,10,166,True,False,0,384,6,
10,mut,I11,MAON-mut-pl,H2,16_9,1,15,False,16m,0,96,7,,0,10,168,True,False,0,384,8,
10,mut,K11,MAON-mut-pl,D3,20_8,2,19,False,20m,0,96,3,,0,10,170,True,False,0,384,10,
10,mut,M11,MAON-mut-pl,H3,24_5,2,23,False,24m,0,96,7,,0,10,172,True,False,0,384,12,
10,mut,A12,MAON-mut-pl,A1,1_12,0,0,False,1m,0,96,0,,0,11,176,True,False,0,384,0,
10,mut,C12,MAON-mut-pl,E1,5_4,0,4,False,5m,0,96,4,,0,11,178,True,False,0,384,2,
10,mut,E12,MAON-mut-pl,A2,9_3,1,8,False,9m,0,96,0,,0,11,180,True,False,0,384,4,
10,mut,G12,MAON-mut-pl,E2,13_2,1,12,False,13m,0,96,4,,0,11,182,True,False,0,384,6,
10,mut,I12,MAON-mut-pl,H2,16_10,1,15,False,16m,0,96,7,,0,11,184,True,False,0,384,8,
10,mut,K12,MAON-mut-pl,D3,20_9,2,19,False,20m,0,96,3,,0,11,186,True,False,0,384,10,
10,mut,M12,MAON-mut-pl,H3,24_6,2,23,False,24m,0,96,7,,0,11,188,True,False,0,384,12,
10,mut,A13,MAON-mut-pl,A1,1_13,0,0,False,1m,0,96,0,,0,12,192,True,False,0,384,0,
10,mut,C13,MAON-mut-pl,E1,5_5,0,4,False,5m,0,96,4,,0,12,194,True,False,0,384,2,
10,mut,E13,MAON-mut-pl,A2,9_4,1,8,False,9m,0,96,0,,0,12,196,True,False,0,384,4,
10,mut,G13,MAON-mut-pl,E2,13_3,1,12,False,13m,0,96,4,,0,12,198,True,False,0,384,6,
10,mut,I13,MAON-mut-pl,H2,16_11,1,15,False,16m,0,96,7,,0,12,200,True,False,0,384,8,
10,mut,K13,MAON-mut-pl,D3,20_10,2,19,False,20m,0,96,3,,0,12,202,True,False,0,384,10,
10,mut,M13,MAON-mut-pl,H3,24_7,2,23,False,24m,0,96,7,,0,12,204,True,False,0,384,12,
10,mut,A14,MAON-mut-pl,A1,1_14,0,0,False,1m,0,96,0,,0,13,208,True,False,0,384,0,
10,mut,C14,MAON-mut-pl,E1,5_6,0,4,False,5m,0,96,4,,0,13,210,True,False,0,384,2,
10,mut,E14,MAON-mut-pl,A2,9_5,1,8,False,9m,0,96,0,,0,13,212,True,False,0,384,4,
10,mut,G14,MAON-mut-pl,E2,13_4,1,12,False,13m,0,96,4,,0,13,214,True,False,0,384,6,
10,mut,I14,MAON-mut-pl,H2,16_12,1,15,False,16m,0,96,7,,0,13,216,True,False,0,384,8,
10,mut,K14,MAON-mut-pl,E3,21_1,2,20,False,21m,0,96,4,,0,13,218,True,False,0,384,10,
10,mut,M14,MAON-mut-pl,H3,24_8,2,23,False,24m,0,96,7,,0,13,220,True,False,0,384,12,
10,mut,A15,MAON-mut-pl,A1,1_15,0,0,False,1m,0,96,0,,0,14,224,True,False,0,384,0,
10,mut,C15,MAON-mut-pl,E1,5_7,0,4,False,5m,0,96,4,,0,14,226,True,False,0,384,2,
10,mut,E15,MAON-mut-pl,A2,9_6,1,8,False,9m,0,96,0,,0,14,228,True,False,0,384,4,
10,mut,G15,MAON-mut-pl,E2,13_5,1,12,False,13m,0,96,4,,0,14,230,True,False,0,384,6,
10,mut,I15,MAON-mut-pl,H2,16_13,1,15,False,16m,0,96,7,,0,14,232,True,False,0,384,8,
10,mut,K15,MAON-mut-pl,E3,21_2,2,20,False,21m,0,96,4,,0,14,234,True,False,0,384,10,
10,mut,M15,MAON-mut-pl,H3,24_9,2,23,False,24m,0,96,7,,0,14,236,True,False,0,384,12,
10,mut,A16,MAON-mut-pl,B1,2_1,0,1,False,2m,0,96,1,,0,15,240,True,False,0,384,0,
10,mut,C16,MAON-mut-pl,E1,5_8,0,4,False,5m,0,96,4,,0,15,242,True,False,0,384,2,
10,mut,E16,MAON-mut-pl,A2,9_7,1,8,False,9m,0,96,0,,0,15,244,True,False,0,384,4,
10,mut,G16,MAON-mut-pl,E2,13_6,1,12,False,13m,0,96,4,,0,15,246,True,False,0,384,6,
10,mut,I16,MAON-mut-pl,A3,17_1,2,16,False,17m,0,96,0,,0,15,248,True,False,0,384,8,
10,mut,K16,MAON-mut-pl,E3,21_3,2,20,False,21m,0,96,4,,0,15,250,True,False,0,384,10,
10,mut,M16,MAON-mut-pl,H3,24_10,2,23,False,24m,0,96,7,,0,15,252,True,False,0,384,12,
10,mut,A17,MAON-mut-pl,B1,2_2,0,1,False,2m,0,96,1,,0,16,256,True,False,0,384,0,
10,mut,C17,MAON-mut-pl,E1,5_9,0,4,False,5m,0,96,4,,0,16,258,True,False,0,384,2,
10,mut,E17,MAON-mut-pl,A2,9_8,1,8,False,9m,0,96,0,,0,16,260,True,False,0,384,4,
10,mut,G17,MAON-mut-pl,E2,13_7,1,12,False,13m,0,96,4,,0,16,262,True,False,0,384,6,
10,mut,I17,MAON-mut-pl,A3,17_2,2,16,False,17m,0,96,0,,0,16,264,True,False,0,384,8,
10,mut,K17,MAON-mut-pl,E3,21_4,2,20,False,21m,0,96,4,,0,16,266,True,False,0,384,10,
10,mut,M17,MAON-mut-pl,H3,24_11,2,23,False,24m,0,96,7,,0,16,268,True,False,0,384,12,
10,mut,A18,MAON-mut-pl,B1,2_3,0,1,False,2m,0,96,1,,0,17,272,True,False,0,384,0,
10,mut,C18,MAON-mut-pl,E1,5_10,0,4,False,5m,0,96,4,,0,17,274,True,False,0,384,2,
10,mut,E18,MAON-mut-pl,A2,9_9,1,8,False,9m,0,96,0,,0,17,276,True,False,0,384,4,
10,mut,G18,MAON-mut-pl,E2,13_8,1,12,False,13m,0,96,4,,0,17,278,True,False,0,384,6,
10,mut,I18,MAON-mut-pl,A3,17_3,2,16,False,17m,0,96,0,,0,17,280,True,False,0,384,8,
10,mut,K18,MAON-mut-pl,E3,21_5,2,20,False,21m,0,96,4,,0,17,282,True,False,0,384,10,
10,mut,M18,MAON-mut-pl,H3,24_12,2,23,False,24m,0,96,7,,0,17,284,True,False,0,384,12,
10,mut,A19,MAON-mut-pl,B1,2_4,0,1,False,2m,0,96,1,,0,18,288,True,False,0,384,0,
10,mut,C19,MAON-mut-pl,E1,5_11,0,4,False,5m,0,96,4,,0,18,290,True,False,0,384,2,
10,mut,E19,MAON-mut-pl,A2,9_10,1,8,False,9m,0,96,0,,0,18,292,True,False,0,384,4,
10,mut,G19,MAON-mut-pl,E2,13_9,1,12,False,13m,0,96,4,,0,18,294,True,False,0,384,6,
10,mut,I19,MAON-mut-pl,A3,17_4,2,16,False,17m,0,96,0,,0,18,296,True,False,0,384,8,
10,mut,K19,MAON-mut-pl,E3,21_6,2,20,False,21m,0,96,4,,0,18,298,True,False,0,384,10,
10,mut,M19,MAON-mut-pl,H3,24_13,2,23,False,24m,0,96,7,,0,18,300,True,False,0,384,12,
10,mut,A20,MAON-mut-pl,B1,2_5,0,1,False,2m,0,96,1,,0,19,304,True,False,0,384,0,
10,mut,C20,MAON-mut-pl,E1,5_12,0,4,False,5m,0,96,4,,0,19,306,True,False,0,384,2,
10,mut,E20,MAON-mut-pl,A2,9_11,1,8,False,9m,0,96,0,,0,19,308,True,False,0,384,4,
10,mut,G20,MAON-mut-pl,E2,13_10,1,12,False,13m,0,96,4,,0,19,310,True,False,0,384,6,
10,mut,I20,MAON-mut-pl,A3,17_5,2,16,False,17m,0,96,0,,0,19,312,True,False,0,384,8,
10,mut,K20,MAON-mut-pl,E3,21_7,2,20,False,21m,0,96,4,,0,19,314,True,False,0,384,10,
10,mut,M20,MAON-mut-pl,H3,24_14,2,23,False,24m,0,96,7,,0,19,316,True,False,0,384,12,
10,mut,A21,MAON-mut-pl,B1,2_6,0,1,False,2m,0,96,1,,0,20,320,True,False,0,384,0,
10,mut,C21,MAON-mut-pl,E1,5_13,0,4,False,5m,0,96,4,,0,20,322,True,False,0,384,2,
10,mut,E21,MAON-mut-pl,A2,9_12,1,8,False,9m,0,96,0,,0,20,324,True,False,0,384,4,
10,mut,G21,MAON-mut-pl,E2,13_11,1,12,False,13m,0,96,4,,0,20,326,True,False,0,384,6,
10,mut,I21,MAON-mut-pl,A3,17_6,2,16,False,17m,0,96,0,,0,20,328,True,False,0,384,8,
10,mut,K21,MAON-mut-pl,E3,21_8,2,20,False,21m,0,96,4,,0,20,330,True,False,0,384,10,
10,mut,M21,MAON-mut-pl,A4,25_1,3,24,False,25m,0,96,0,,0,20,332,True,False,0,384,12,
10,mut,A22,MAON-mut-pl,B1,2_7,0,1,False,2m,0,96,1,,0,21,336,True,False,0,384,0,
10,mut,C22,MAON-mut-pl,E1,5_14,0,4,False,5m,0,96,4,,0,21,338,True,False,0,384,2,
10,mut,E22,MAON-mut-pl,B2,10_1,1,9,False,10m,0,96,1,,0,21,340,True,False,0,384,4,
10,mut,G22,MAON-mut-pl,E2,13_12,1,12,False,13m,0,96,4,,0,21,342,True,False,0,384,6,
10,mut,I22,MAON-mut-pl,A3,17_7,2,16,False,17m,0,96,0,,0,21,344,True,False,0,384,8,
10,mut,K22,MAON-mut-pl,E3,21_9,2,20,False,21m,0,96,4,,0,21,346,True,False,0,384,10,
10,mut,M22,MAON-mut-pl,A4,25_2,3,24,False,25m,0,96,0,,0,21,348,True,False,0,384,12,
10,mut,A23,MAON-mut-pl,B1,2_8,0,1,False,2m,0,96,1,,0,22,352,True,False,0,384,0,
10,mut,C23,MAON-mut-pl,F1,6_1,0,5,False,6m,0,96,5,,0,22,354,True,False,0,384,2,
10,mut,E23,MAON-mut-pl,B2,10_2,1,9,False,10m,0,96,1,,0,22,356,True,False,0,384,4,
10,mut,G23,MAON-mut-pl,F2,14_1,1,13,False,14m,0,96,5,,0,22,358,True,False,0,384,6,
10,mut,I23,MAON-mut-pl,A3,17_8,2,16,False,17m,0,96,0,,0,22,360,True,False,0,384,8,
10,mut,K23,MAON-mut-pl,E3,21_10,2,20,False,21m,0,96,4,,0,22,362,True,False,0,384,10,
10,mut,M23,MAON-mut-pl,A4,25_3,3,24,False,25m,0,96,0,,0,22,364,True,False,0,384,12,
10,mut,A24,MAON-mut-pl,B1,2_9,0,1,False,2m,0,96,1,,0,23,368,True,False,0,384,0,
10,mut,C24,MAON-mut-pl,F1,6_2,0,5,False,6m,0,96,5,,0,23,370,True,False,0,384,2,
10,mut,E24,MAON-mut-pl,B2,10_3,1,9,False,10m,0,96,1,,0,23,372,True,False,0,384,4,
10,mut,G24,MAON-mut-pl,F2,14_2,1,13,False,14m,0,96,5,,0,23,374,True,False,0,384,6,
10,mut,I24,MAON-mut-pl,A3,17_9,2,16,False,17m,0,96,0,,0,23,376,True,False,0,384,8,
10,mut,K24,MAON-mut-pl,E3,21_11,2,20,False,21m,0,96,4,,0,23,378,True,False,0,384,10,
10,mut,M24,MAON-mut-pl,A4,25_4,3,24,False,25m,0,96,0,,0,23,380,True,False,0,384,12,
10,mut,B1,MAON-mut-pl,B1,2_10,0,1,False,2m,0,96,1,,0,0,1,True,False,1,384,1,
10,mut,D1,MAON-mut-pl,F1,6_3,0,5,False,6m,0,96,5,,0,0,3,True,False,1,384,3,
10,mut,F1,MAON-mut-pl,B2,10_4,1,9,False,10m,0,96,1,,0,0,5,True,False,1,384,5,
10,mut,H1,MAON-mut-pl,F2,14_3,1,13,False,14m,0,96,5,,0,0,7,True,False,1,384,7,
10,mut,J1,MAON-mut-pl,A3,17_10,2,16,False,17m,0,96,0,,0,0,9,True,False,1,384,9,
10,mut,L1,MAON-mut-pl,E3,21_12,2,20,False,21m,0,96,4,,0,0,11,True,False,1,384,11,
10,mut,N1,MAON-mut-pl,A4,25_5,3,24,False,25m,0,96,0,,0,0,13,True,False,1,384,13,
10,mut,B2,MAON-mut-pl,B1,2_11,0,1,False,2m,0,96,1,,0,1,17,True,False,1,384,1,
10,mut,D2,MAON-mut-pl,F1,6_4,0,5,False,6m,0,96,5,,0,1,19,True,False,1,384,3,
10,mut,F2,MAON-mut-pl,B2,10_5,1,9,False,10m,0,96,1,,0,1,21,True,False,1,384,5,
10,mut,H2,MAON-mut-pl,F2,14_4,1,13,False,14m,0,96,5,,0,1,23,True,False,1,384,7,
10,mut,J2,MAON-mut-pl,A3,17_11,2,16,False,17m,0,96,0,,0,1,25,True,False,1,384,9,
10,mut,L2,MAON-mut-pl,E3,21_13,2,20,False,21m,0,96,4,,0,1,27,True,False,1,384,11,
10,mut,N2,MAON-mut-pl,A4,25_6,3,24,False,25m,0,96,0,,0,1,29,True,False,1,384,13,
10,mut,B3,MAON-mut-pl,B1,2_12,0,1,False,2m,0,96,1,,0,2,33,True,False,1,384,1,
10,mut,D3,MAON-mut-pl,F1,6_5,0,5,False,6m,0,96,5,,0,2,35,True,False,1,384,3,
10,mut,F3,MAON-mut-pl,B2,10_6,1,9,False,10m,0,96,1,,0,2,37,True,False,1,384,5,
10,mut,H3,MAON-mut-pl,F2,14_5,1,13,False,14m,0,96,5,,0,2,39,True,False,1,384,7,
10,mut,J3,MAON-mut-pl,B3,18_1,2,17,False,18m,0,96,1,,0,2,41,True,False,1,384,9,
10,mut,L3,MAON-mut-pl,E3,21_14,2,20,False,21m,0,96,4,,0,2,43,True,False,1,384,11,
10,mut,N3,MAON-mut-pl,A4,25_7,3,24,False,25m,0,96,0,,0,2,45,True,False,1,384,13,
10,mut,B4,MAON-mut-pl,B1,2_13,0,1,False,2m,0,96,1,,0,3,49,True,False,1,384,1,
10,mut,D4,MAON-mut-pl,F1,6_6,0,5,False,6m,0,96,5,,0,3,51,True,False,1,384,3,
10,mut,F4,MAON-mut-pl,B2,10_7,1,9,False,10m,0,96,1,,0,3,53,True,False,1,384,5,
10,mut,H4,MAON-mut-pl,F2,14_6,1,13,False,14m,0,96,5,,0,3,55,True,False,1,384,7,
10,mut,J4,MAON-mut-pl,B3,18_2,2,17,False,18m,0,96,1,,0,3,57,True,False,1,384,9,
10,mut,L4,MAON-mut-pl,F3,22_1,2,21,False,22m,0,96,5,,0,3,59,True,False,1,384,11,
10,mut,N4,MAON-mut-pl,A4,25_8,3,24,False,25m,0,96,0,,0,3,61,True,False,1,384,13,
10,mut,B5,MAON-mut-pl,B1,2_14,0,1,False,2m,0,96,1,,0,4,65,True,False,1,384,1,
10,mut,D5,MAON-mut-pl,F1,6_7,0,5,False,6m,0,96,5,,0,4,67,True,False,1,384,3,
10,mut,F5,MAON-mut-pl,B2,10_8,1,9,False,10m,0,96,1,,0,4,69,True,False,1,384,5,
10,mut,H5,MAON-mut-pl,F2,14_7,1,13,False,14m,0,96,5,,0,4,71,True,False,1,384,7,
10,mut,J5,MAON-mut-pl,B3,18_3,2,17,False,18m,0,96,1,,0,4,73,True,False,1,384,9,
10,mut,L5,MAON-mut-pl,F3,22_2,2,21,False,22m,0,96,5,,0,4,75,True,False,1,384,11,
10,mut,N5,MAON-mut-pl,A4,25_9,3,24,False,25m,0,96,0,,0,4,77,True,False,1,384,13,
10,mut,B6,MAON-mut-pl,C1,3_1,0,2,False,3m,0,96,2,,0,5,81,True,False,1,384,1,
10,mut,D6,MAON-mut-pl,F1,6_8,0,5,False,6m,0,96,5,,0,5,83,True,False,1,384,3,
10,mut,F6,MAON-mut-pl,B2,10_9,1,9,False,10m,0,96,1,,0,5,85,True,False,1,384,5,
10,mut,H6,MAON-mut-pl,F2,14_8,1,13,False,14m,0,96,5,,0,5,87,True,False,1,384,7,
10,mut,J6,MAON-mut-pl,B3,18_4,2,17,False,18m,0,96,1,,0,5,89,True,False,1,384,9,
10,mut,L6,MAON-mut-pl,F3,22_3,2,21,False,22m,0,96,5,,0,5,91,True,False,1,384,11,
10,mut,N6,MAON-mut-pl,A4,25_10,3,24,False,25m,0,96,0,,0,5,93,True,False,1,384,13,
10,mut,B7,MAON-mut-pl,C1,3_2,0,2,False,3m,0,96,2,,0,6,97,True,False,1,384,1,
10,mut,D7,MAON-mut-pl,F1,6_9,0,5,False,6m,0,96,5,,0,6,99,True,False,1,384,3,
10,mut,F7,MAON-mut-pl,B2,10_10,1,9,False,10m,0,96,1,,0,6,101,True,False,1,384,5,
10,mut,H7,MAON-mut-pl,F2,14_9,1,13,False,14m,0,96,5,,0,6,103,True,False,1,384,7,
10,mut,J7,MAON-mut-pl,B3,18_5,2,17,False,18m,0,96,1,,0,6,105,True,False,1,384,9,
10,mut,L7,MAON-mut-pl,F3,22_4,2,21,False,22m,0,96,5,,0,6,107,True,False,1,384,11,
10,mut,N7,MAON-mut-pl,A4,25_11,3,24,False,25m,0,96,0,,0,6,109,True,False,1,384,13,
10,mut,B8,MAON-mut-pl,C1,3_3,0,2,False,3m,0,96,2,,0,7,113,True,False,1,384,1,
10,mut,D8,MAON-mut-pl,F1,6_10,0,5,False,6m,0,96,5,,0,7,115,True,False,1,384,3,
10,mut,F8,MAON-mut-pl,B2,10_11,1,9,False,10m,0,96,1,,0,7,117,True,False,1,384,5,
10,mut,H8,MAON-mut-pl,F2,14_10,1,13,False,14m,0,96,5,,0,7,119,True,False,1,384,7,
10,mut,J8,MAON-mut-pl,B3,18_6,2,17,False,18m,0,96,1,,0,7,121,True,False,1,384,9,
10,mut,L8,MAON-mut-pl,F3,22_5,2,21,False,22m,0,96,5,,0,7,123,True,False,1,384,11,
10,mut,N8,MAON-mut-pl,A4,25_12,3,24,False,25m,0,96,0,,0,7,125,True,False,1,384,13,
10,mut,B9,MAON-mut-pl,C1,3_4,0,2,False,3m,0,96,2,,0,8,129,True,False,1,384,1,
10,mut,D9,MAON-mut-pl,F1,6_11,0,5,False,6m,0,96,5,,0,8,131,True,False,1,384,3,
10,mut,F9,MAON-mut-pl,B2,10_12,1,9,False,10m,0,96,1,,0,8,133,True,False,1,384,5,
10,mut,H9,MAON-mut-pl,F2,14_11,1,13,False,14m,0,96,5,,0,8,135,True,False,1,384,7,
10,mut,J9,MAON-mut-pl,B3,18_7,2,17,False,18m,0,96,1,,0,8,137,True,False,1,384,9,
10,mut,L9,MAON-mut-pl,F3,22_6,2,21,False,22m,0,96,5,,0,8,139,True,False,1,384,11,
10,mut,N9,MAON-mut-pl,A4,25_13,3,24,False,25m,0,96,0,,0,8,141,True,False,1,384,13,
10,mut,B10,MAON-mut-pl,C1,3_5,0,2,False,3m,0,96,2,,0,9,145,True,False,1,384,1,
10,mut,D10,MAON-mut-pl,F1,6_12,0,5,False,6m,0,96,5,,0,9,147,True,False,1,384,3,
10,mut,F10,MAON-mut-pl,B2,10_13,1,9,False,10m,0,96,1,,0,9,149,True,False,1,384,5,
10,mut,H10,MAON-mut-pl,F2,14_12,1,13,False,14m,0,96,5,,0,9,151,True,False,1,384,7,
10,mut,J10,MAON-mut-pl,B3,18_8,2,17,False,18m,0,96,1,,0,9,153,True,False,1,384,9,
10,mut,L10,MAON-mut-pl,F3,22_7,2,21,False,22m,0,96,5,,0,9,155,True,False,1,384,11,
10,mut,N10,MAON-mut-pl,B4,26_1,3,25,False,26m,0,96,1,,0,9,157,True,False,1,384,13,
10,mut,B11,MAON-mut-pl,C1,3_6,0,2,False,3m,0,96,2,,0,10,161,True,False,1,384,1,
10,mut,D11,MAON-mut-pl,G1,7_1,0,6,False,7m,0,96,6,,0,10,163,True,False,1,384,3,
10,mut,F11,MAON-mut-pl,C2,11_1,1,10,False,11m,0,96,2,,0,10,165,True,False,1,384,5,
10,mut,H11,MAON-mut-pl,F2,14_13,1,13,False,14m,0,96,5,,0,10,167,True,False,1,384,7,
10,mut,J11,MAON-mut-pl,B3,18_9,2,17,False,18m,0,96,1,,0,10,169,True,False,1,384,9,
10,mut,L11,MAON-mut-pl,F3,22_8,2,21,False,22m,0,96,5,,0,10,171,True,False,1,384,11,
10,mut,N11,MAON-mut-pl,B4,26_2,3,25,False,26m,0,96,1,,0,10,173,True,False,1,384,13,
10,mut,B12,MAON-mut-pl,C1,3_7,0,2,False,3m,0,96,2,,0,11,177,True,False,1,384,1,
10,mut,D12,MAON-mut-pl,G1,7_2,0,6,False,7m,0,96,6,,0,11,179,True,False,1,384,3,
10,mut,F12,MAON-mut-pl,C2,11_2,1,10,False,11m,0,96,2,,0,11,181,True,False,1,384,5,
10,mut,H12,MAON-mut-pl,F2,14_14,1,13,False,14m,0,96,5,,0,11,183,True,False,1,384,7,
10,mut,J12,MAON-mut-pl,B3,18_10,2,17,False,18m,0,96,1,,0,11,185,True,False,1,384,9,
10,mut,L12,MAON-mut-pl,F3,22_9,2,21,False,22m,0,96,5,,0,11,187,True,False,1,384,11,
10,mut,N12,MAON-mut-pl,B4,26_3,3,25,False,26m,0,96,1,,0,11,189,True,False,1,384,13,
10,mut,B13,MAON-mut-pl,C1,3_8,0,2,False,3m,0,96,2,,0,12,193,True,False,1,384,1,
10,mut,D13,MAON-mut-pl,G1,7_3,0,6,False,7m,0,96,6,,0,12,195,True,False,1,384,3,
10,mut,F13,MAON-mut-pl,C2,11_3,1,10,False,11m,0,96,2,,0,12,197,True,False,1,384,5,
10,mut,H13,MAON-mut-pl,G2,15_1,1,14,False,15m,0,96,6,,0,12,199,True,False,1,384,7,
10,mut,J13,MAON-mut-pl,B3,18_11,2,17,False,18m,0,96,1,,0,12,201,True,False,1,384,9,
10,mut,L13,MAON-mut-pl,F3,22_10,2,21,False,22m,0,96,5,,0,12,203,True,False,1,384,11,
10,mut,N13,MAON-mut-pl,B4,26_4,3,25,False,26m,0,96,1,,0,12,205,True,False,1,384,13,
10,mut,B14,MAON-mut-pl,C1,3_9,0,2,False,3m,0,96,2,,0,13,209,True,False,1,384,1,
10,mut,D14,MAON-mut-pl,G1,7_4,0,6,False,7m,0,96,6,,0,13,211,True,False,1,384,3,
10,mut,F14,MAON-mut-pl,C2,11_4,1,10,False,11m,0,96,2,,0,13,213,True,False,1,384,5,
10,mut,H14,MAON-mut-pl,G2,15_2,1,14,False,15m,0,96,6,,0,13,215,True,False,1,384,7,
10,mut,J14,MAON-mut-pl,B3,18_12,2,17,False,18m,0,96,1,,0,13,217,True,False,1,384,9,
10,mut,L14,MAON-mut-pl,F3,22_11,2,21,False,22m,0,96,5,,0,13,219,True,False,1,384,11,
10,mut,N14,MAON-mut-pl,B4,26_5,3,25,False,26m,0,96,1,,0,13,221,True,False,1,384,13,
10,mut,B15,MAON-mut-pl,C1,3_10,0,2,False,3m,0,96,2,,0,14,225,True,False,1,384,1,
10,mut,D15,MAON-mut-pl,G1,7_5,0,6,False,7m,0,96,6,,0,14,227,True,False,1,384,3,
10,mut,F15,MAON-mut-pl,C2,11_5,1,10,False,11m,0,96,2,,0,14,229,True,False,1,384,5,
10,mut,H15,MAON-mut-pl,G2,15_3,1,14,False,15m,0,96,6,,0,14,231,True,False,1,384,7,
10,mut,J15,MAON-mut-pl,B3,18_13,2,17,False,18m,0,96,1,,0,14,233,True,False,1,384,9,
10,mut,L15,MAON-mut-pl,F3,22_12,2,21,False,22m,0,96,5,,0,14,235,True,False,1,384,11,
10,mut,N15,MAON-mut-pl,B4,26_6,3,25,False,26m,0,96,1,,0,14,237,True,False,1,384,13,
10,mut,B16,MAON-mut-pl,C1,3_11,0,2,False,3m,0,96,2,,0,15,241,True,False,1,384,1,
10,mut,D16,MAON-mut-pl,G1,7_6,0,6,False,7m,0,96,6,,0,15,243,True,False,1,384,3,
10,mut,F16,MAON-mut-pl,C2,11_6,1,10,False,11m,0,96,2,,0,15,245,True,False,1,384,5,
10,mut,H16,MAON-mut-pl,G2,15_4,1,14,False,15m,0,96,6,,0,15,247,True,False,1,384,7,
10,mut,J16,MAON-mut-pl,B3,18_14,2,17,False,18m,0,96,1,,0,15,249,True,False,1,384,9,
10,mut,L16,MAON-mut-pl,F3,22_13,2,21,False,22m,0,96,5,,0,15,251,True,False,1,384,11,
10,mut,N16,MAON-mut-pl,B4,26_7,3,25,False,26m,0,96,1,,0,15,253,True,False,1,384,13,
10,mut,B17,MAON-mut-pl,C1,3_12,0,2,False,3m,0,96,2,,0,16,257,True,False,1,384,1,
10,mut,D17,MAON-mut-pl,G1,7_7,0,6,False,7m,0,96,6,,0,16,259,True,False,1,384,3,
10,mut,F17,MAON-mut-pl,C2,11_7,1,10,False,11m,0,96,2,,0,16,261,True,False,1,384,5,
10,mut,H17,MAON-mut-pl,G2,15_5,1,14,False,15m,0,96,6,,0,16,263,True,False,1,384,7,
10,mut,J17,MAON-mut-pl,C3,19_1,2,18,False,19m,0,96,2,,0,16,265,True,False,1,384,9,
10,mut,L17,MAON-mut-pl,F3,22_14,2,21,False,22m,0,96,5,,0,16,267,True,False,1,384,11,
10,mut,N17,MAON-mut-pl,B4,26_8,3,25,False,26m,0,96,1,,0,16,269,True,False,1,384,13,
10,mut,B18,MAON-mut-pl,C1,3_13,0,2,False,3m,0,96,2,,0,17,273,True,False,1,384,1,
10,mut,D18,MAON-mut-pl,G1,7_8,0,6,False,7m,0,96,6,,0,17,275,True,False,1,384,3,
10,mut,F18,MAON-mut-pl,C2,11_8,1,10,False,11m,0,96,2,,0,17,277,True,False,1,384,5,
10,mut,H18,MAON-mut-pl,G2,15_6,1,14,False,15m,0,96,6,,0,17,279,True,False,1,384,7,
10,mut,J18,MAON-mut-pl,C3,19_2,2,18,False,19m,0,96,2,,0,17,281,True,False,1,384,9,
10,mut,L18,MAON-mut-pl,G3,23_1,2,22,False,23m,0,96,6,,0,17,283,True,False,1,384,11,
10,mut,N18,MAON-mut-pl,B4,26_9,3,25,False,26m,0,96,1,,0,17,285,True,False,1,384,13,
10,mut,B19,MAON-mut-pl,D1,4_1,0,3,False,4m,0,96,3,,0,18,289,True,False,1,384,1,
10,mut,D19,MAON-mut-pl,G1,7_9,0,6,False,7m,0,96,6,,0,18,291,True,False,1,384,3,
10,mut,F19,MAON-mut-pl,C2,11_9,1,10,False,11m,0,96,2,,0,18,293,True,False,1,384,5,
10,mut,H19,MAON-mut-pl,G2,15_7,1,14,False,15m,0,96,6,,0,18,295,True,False,1,384,7,
10,mut,J19,MAON-mut-pl,C3,19_3,2,18,False,19m,0,96,2,,0,18,297,True,False,1,384,9,
10,mut,L19,MAON-mut-pl,G3,23_2,2,22,False,23m,0,96,6,,0,18,299,True,False,1,384,11,
10,mut,N19,MAON-mut-pl,B4,26_10,3,25,False,26m,0,96,1,,0,18,301,True,False,1,384,13,
10,mut,B20,MAON-mut-pl,D1,4_2,0,3,False,4m,0,96,3,,0,19,305,True,False,1,384,1,
10,mut,D20,MAON-mut-pl,G1,7_10,0,6,False,7m,0,96,6,,0,19,307,True,False,1,384,3,
10,mut,F20,MAON-mut-pl,C2,11_10,1,10,False,11m,0,96,2,,0,19,309,True,False,1,384,5,
10,mut,H20,MAON-mut-pl,G2,15_8,1,14,False,15m,0,96,6,,0,19,311,True,False,1,384,7,
10,mut,J20,MAON-mut-pl,C3,19_4,2,18,False,19m,0,96,2,,0,19,313,True,False,1,384,9,
10,mut,L20,MAON-mut-pl,G3,23_3,2,22,False,23m,0,96,6,,0,19,315,True,False,1,384,11,
10,mut,N20,MAON-mut-pl,B4,26_11,3,25,False,26m,0,96,1,,0,19,317,True,False,1,384,13,
10,mut,B21,MAON-mut-pl,D1,4_3,0,3,False,4m,0,96,3,,0,20,321,True,False,1,384,1,
10,mut,D21,MAON-mut-pl,H1,8_1,0,7,False,8m,0,96,7,,0,20,323,True,False,1,384,3,
10,mut,F21,MAON-mut-pl,C2,11_11,1,10,False,11m,0,96,2,,0,20,325,True,False,1,384,5,
10,mut,H21,MAON-mut-pl,G2,15_9,1,14,False,15m,0,96,6,,0,20,327,True,False,1,384,7,
10,mut,J21,MAON-mut-pl,C3,19_5,2,18,False,19m,0,96,2,,0,20,329,True,False,1,384,9,
10,mut,L21,MAON-mut-pl,G3,23_4,2,22,False,23m,0,96,6,,0,20,331,True,False,1,384,11,
10,mut,N21,MAON-mut-pl,B4,26_12,3,25,False,26m,0,96,1,,0,20,333,True,False,1,384,13,
10,mut,B22,MAON-mut-pl,D1,4_4,0,3,False,4m,0,96,3,,0,21,337,True,False,1,384,1,
10,mut,D22,MAON-mut-pl,H1,8_2,0,7,False,8m,0,96,7,,0,21,339,True,False,1,384,3,
10,mut,F22,MAON-mut-pl,D2,12_1,1,11,False,12m,0,96,3,,0,21,341,True,False,1,384,5,
10,mut,H22,MAON-mut-pl,G2,15_10,1,14,False,15m,0,96,6,,0,21,343,True,False,1,384,7,
10,mut,J22,MAON-mut-pl,C3,19_6,2,18,False,19m,0,96,2,,0,21,345,True,False,1,384,9,
10,mut,L22,MAON-mut-pl,G3,23_5,2,22,False,23m,0,96,6,,0,21,347,True,False,1,384,11,
10,mut,N22,MAON-mut-pl,B4,26_13,3,25,False,26m,0,96,1,,0,21,349,True,False,1,384,13,
10,mut,B23,MAON-mut-pl,D1,4_5,0,3,False,4m,0,96,3,,0,22,353,True,False,1,384,1,
10,mut,D23,MAON-mut-pl,H1,8_3,0,7,False,8m,0,96,7,,0,22,355,True,False,1,384,3,
10,mut,F23,MAON-mut-pl,D2,12_2,1,11,False,12m,0,96,3,,0,22,357,True,False,1,384,5,
10,mut,H23,MAON-mut-pl,G2,15_11,1,14,False,15m,0,96,6,,0,22,359,True,False,1,384,7,
10,mut,J23,MAON-mut-pl,C3,19_7,2,18,False,19m,0,96,2,,0,22,361,True,False,1,384,9,
10,mut,L23,MAON-mut-pl,G3,23_6,2,22,False,23m,0,96,6,,0,22,363,True,False,1,384,11,
10,mut,N23,MAON-mut-pl,B4,26_14,3,25,False,26m,0,96,1,,0,22,365,True,False,1,384,13,
10,mut,B24,MAON-mut-pl,D1,4_6,0,3,False,4m,0,96,3,,0,23,369,True,False,1,384,1,
10,mut,D24,MAON-mut-pl,H1,8_4,0,7,False,8m,0,96,7,,0,23,371,True,False,1,384,3,
10,mut,F24,MAON-mut-pl,D2,12_3,1,11,False,12m,0,96,3,,0,23,373,True,False,1,384,5,
10,mut,H24,MAON-mut-pl,G2,15_12,1,14,False,15m,0,96,6,,0,23,375,True,False,1,384,7,
10,mut,J24,MAON-mut-pl,C3,19_8,2,18,False,19m,0,96,2,,0,23,377,True,False,1,384,9,
10,mut,L24,MAON-mut-pl,G3,23_7,2,22,False,23m,0,96,6,,0,23,379,True,False,1,384,11,
