Volume,SourcePlateBarcode,SourcePlateWell,DestinationPlateBarcode,DestinationPlateWell,ComponentName,dest_col,dest_idx,dest_is_reagent,dest_name,dest_pipette_idx,dest_plate_size,dest_row,dest_well_fixed,level,src_col,src_idx,src_is_input,src_is_reagent,src_pipette_idx,src_plate_size,src_row,src_well_fixed
17.5,MastermixTrough,A2,MAON-pcr2,A1,mm,0,0,False,1_wt-2_wt-3_wt,0,96,0,,0,1,8,False,True,0,96,0,
17.5,MastermixTrough,B2,MAON-pcr2,B1,mm,0,1,False,1_wt-2_wt-3_1,0,96,1,,0,1,9,False,True,0,96,1,
17.5,MastermixTrough,C2,MAON-pcr2,C1,mm,0,2,False,1_wt-2_wt-3_2,0,96,2,,0,1,10,False,True,0,96,2,
17.5,MastermixTrough,D2,MAON-pcr2,D1,mm,0,3,False,1_wt-2_1-3_wt,0,96,3,,0,1,11,False,True,0,96,3,
17.5,MastermixTrough,E2,MAON-pcr2,E1,mm,0,4,False,1_wt-2_1-3_1,0,96,4,,0,1,12,False,True,0,96,4,
17.5,MastermixTrough,F2,MAON-pcr2,F1,mm,0,5,False,1_wt-2_1-3_2,0,96,5,,0,1,13,False,True,0,96,5,
17.5,MastermixTrough,G2,MAON-pcr2,G1,mm,0,6,False,1_wt-2_2-3_wt,0,96,6,,0,1,14,False,True,0,96,6,
17.5,MastermixTrough,H2,MAON-pcr2,H1,mm,0,7,False,1_wt-2_2-3_1,0,96,7,,0,1,15,False,True,0,96,7,
17.5,MastermixTrough,A2,MAON-pcr2,A2,mm,1,8,False,1_wt-2_2-3_2,0,96,0,,0,1,8,False,True,0,96,0,
17.5,MastermixTrough,B2,MAON-pcr2,B2,mm,1,9,False,1_1-2_wt-3_wt,0,96,1,,0,1,9,False,True,0,96,1,
17.5,MastermixTrough,C2,MAON-pcr2,C2,mm,1,10,False,1_1-2_wt-3_1,0,96,2,,0,1,10,False,True,0,96,2,
17.5,MastermixTrough,D2,MAON-pcr2,D2,mm,1,11,False,1_1-2_wt-3_2,0,96,3,,0,1,11,False,True,0,96,3,
17.5,MastermixTrough,E2,MAON-pcr2,E2,mm,1,12,False,1_1-2_1-3_wt,0,96,4,,0,1,12,False,True,0,96,4,
17.5,MastermixTrough,F2,MAON-pcr2,F2,mm,1,13,False,1_1-2_1-3_1,0,96,5,,0,1,13,False,True,0,96,5,
17.5,MastermixTrough,G2,MAON-pcr2,G2,mm,1,14,False,1_1-2_1-3_2,0,96,6,,0,1,14,False,True,0,96,6,
17.5,MastermixTrough,H2,MAON-pcr2,H2,mm,1,15,False,1_1-2_2-3_wt,0,96,7,,0,1,15,False,True,0,96,7,
17.5,MastermixTrough,A2,MAON-pcr2,A3,mm,2,16,False,1_1-2_2-3_1,0,96,0,,0,1,8,False,True,0,96,0,
17.5,MastermixTrough,B2,MAON-pcr2,B3,mm,2,17,False,1_2-2_wt-3_wt,0,96,1,,0,1,9,False,True,0,96,1,
17.5,MastermixTrough,C2,MAON-pcr2,C3,mm,2,18,False,1_2-2_wt-3_1,0,96,2,,0,1,10,False,True,0,96,2,
17.5,MastermixTrough,D2,MAON-pcr2,D3,mm,2,19,False,1_2-2_wt-3_2,0,96,3,,0,1,11,False,True,0,96,3,
17.5,MastermixTrough,E2,MAON-pcr2,E3,mm,2,20,False,1_2-2_1-3_wt,0,96,4,,0,1,12,False,True,0,96,4,
17.5,MastermixTrough,F2,MAON-pcr2,F3,mm,2,21,False,1_2-2_1-3_1,0,96,5,,0,1,13,False,True,0,96,5,
17.5,MastermixTrough,G2,MAON-pcr2,G3,mm,2,22,False,1_2-2_2-3_wt,0,96,6,,0,1,14,False,True,0,96,6,
1.5,MAON-mut-bk,A1,MAON-pcr2,B2,1_1_p,1,9,False,1_1-2_wt-3_wt,0,96,1,,0,0,0,True,False,0,96,0,
1.5,MAON-mut-bk,B1,MAON-pcr2,D1,2_1_p,0,3,False,1_wt-2_1-3_wt,0,96,3,,0,0,1,True,False,0,96,1,
1.5,MAON-mut-bk,C1,MAON-pcr2,B1,3_1_p,0,1,False,1_wt-2_wt-3_1,0,96,1,,0,0,2,True,False,0,96,2,
1.5,MAON-mut-bk,D1,MAON-pcr2,B3,1_2_p,2,17,False,1_2-2_wt-3_wt,0,96,1,,0,0,3,True,False,0,96,3,
1.5,MAON-mut-bk,E1,MAON-pcr2,G1,2_2_p,0,6,False,1_wt-2_2-3_wt,0,96,6,,0,0,4,True,False,0,96,4,
1.5,MAON-mut-bk,F1,MAON-pcr2,C1,3_2_p,0,2,False,1_wt-2_wt-3_2,0,96,2,,0,0,5,True,False,0,96,5,
1.5,MAON-mut-bk,A1,MAON-pcr2,C2,1_1_p,1,10,False,1_1-2_wt-3_1,0,96,2,,0,0,0,True,False,0,96,0,
1.5,MAON-mut-bk,B1,MAON-pcr2,E1,2_1_p,0,4,False,1_wt-2_1-3_1,0,96,4,,0,0,1,True,False,0,96,1,
1.5,MAON-mut-bk,C1,MAON-pcr2,E1,3_1_p,0,4,False,1_wt-2_1-3_1,0,96,4,,0,0,2,True,False,0,96,2,
1.5,MAON-mut-bk,D1,MAON-pcr2,C3,1_2_p,2,18,False,1_2-2_wt-3_1,0,96,2,,0,0,3,True,False,0,96,3,
1.5,MAON-mut-bk,E1,MAON-pcr2,H1,2_2_p,0,7,False,1_wt-2_2-3_1,0,96,7,,0,0,4,True,False,0,96,4,
1.5,MAON-mut-bk,F1,MAON-pcr2,F1,3_2_p,0,5,False,1_wt-2_1-3_2,0,96,5,,0,0,5,True,False,0,96,5,
1.5,MAON-mut-bk,A1,MAON-pcr2,D2,1_1_p,1,11,False,1_1-2_wt-3_2,0,96,3,,0,0,0,True,False,0,96,0,
1.5,MAON-mut-bk,B1,MAON-pcr2,F1,2_1_p,0,5,False,1_wt-2_1-3_2,0,96,5,,0,0,1,True,False,0,96,1,
1.5,MAON-mut-bk,C1,MAON-pcr2,H1,3_1_p,0,7,False,1_wt-2_2-3_1,0,96,7,,0,0,2,True,False,0,96,2,
1.5,MAON-mut-bk,D1,MAON-pcr2,D3,1_2_p,2,19,False,1_2-2_wt-3_2,0,96,3,,0,0,3,True,False,0,96,3,
1.5,MAON-mut-bk,E1,MAON-pcr2,A2,2_2_p,1,8,False,1_wt-2_2-3_2,0,96,0,,0,0,4,True,False,0,96,4,
1.5,MAON-mut-bk,F1,MAON-pcr2,A2,3_2_p,1,8,False,1_wt-2_2-3_2,0,96,0,,0,0,5,True,False,0,96,5,
1.5,MAON-mut-bk,A1,MAON-pcr2,E2,1_1_p,1,12,False,1_1-2_1-3_wt,0,96,4,,0,0,0,True,False,0,96,0,
1.5,MAON-mut-bk,B1,MAON-pcr2,E2,2_1_p,1,12,False,1_1-2_1-3_wt,0,96,4,,0,0,1,True,False,0,96,1,
1.5,MAON-mut-bk,C1,MAON-pcr2,C2,3_1_p,1,10,False,1_1-2_wt-3_1,0,96,2,,0,0,2,True,False,0,96,2,
1.5,MAON-mut-bk,D1,MAON-pcr2,E3,1_2_p,2,20,False,1_2-2_1-3_wt,0,96,4,,0,0,3,True,False,0,96,3,
1.5,MAON-mut-bk,E1,MAON-pcr2,H2,2_2_p,1,15,False,1_1-2_2-3_wt,0,96,7,,0,0,4,True,False,0,96,4,
1.5,MAON-mut-bk,F1,MAON-pcr2,D2,3_2_p,1,11,False,1_1-2_wt-3_2,0,96,3,,0,0,5,True,False,0,96,5,
1.5,MAON-mut-bk,A1,MAON-pcr2,F2,1_1_p,1,13,False,1_1-2_1-3_1,0,96,5,,0,0,0,True,False,0,96,0,
1.5,MAON-mut-bk,B1,MAON-pcr2,F2,2_1_p,1,13,False,1_1-2_1-3_1,0,96,5,,0,0,1,True,False,0,96,1,
1.5,MAON-mut-bk,C1,MAON-pcr2,F2,3_1_p,1,13,False,1_1-2_1-3_1,0,96,5,,0,0,2,True,False,0,96,2,
1.5,MAON-mut-bk,D1,MAON-pcr2,F3,1_2_p,2,21,False,1_2-2_1-3_1,0,96,5,,0,0,3,True,False,0,96,3,
1.5,MAON-mut-bk,E1,MAON-pcr2,A3,2_2_p,2,16,False,1_1-2_2-3_1,0,96,0,,0,0,4,True,False,0,96,4,
1.5,MAON-mut-bk,F1,MAON-pcr2,G2,3_2_p,1,14,False,1_1-2_1-3_2,0,96,6,,0,0,5,True,False,0,96,5,
1.5,MAON-mut-bk,A1,MAON-pcr2,G2,1_1_p,1,14,False,1_1-2_1-3_2,0,96,6,,0,0,0,True,False,0,96,0,
1.5,MAON-mut-bk,B1,MAON-pcr2,G2,2_1_p,1,14,False,1_1-2_1-3_2,0,96,6,,0,0,1,True,False,0,96,1,
1.5,MAON-mut-bk,C1,MAON-pcr2,A3,3_1_p,2,16,False,1_1-2_2-3_1,0,96,0,,0,0,2,True,False,0,96,2,
1.5,MAON-mut-bk,D1,MAON-pcr2,G3,1_2_p,2,22,False,1_2-2_2-3_wt,0,96,6,,0,0,3,True,False,0,96,3,
1.5,MAON-mut-bk,E1,MAON-pcr2,G3,2_2_p,2,22,False,1_2-2_2-3_wt,0,96,6,,0,0,4,True,False,0,96,4,
1.5,MAON-mut-bk,F1,MAON-pcr2,D3,3_2_p,2,19,False,1_2-2_wt-3_2,0,96,3,,0,0,5,True,False,0,96,5,
1.5,MAON-mut-bk,A1,MAON-pcr2,H2,1_1_p,1,15,False,1_1-2_2-3_wt,0,96,7,,0,0,0,True,False,0,96,0,
1.5,MAON-mut-bk,B1,MAON-pcr2,E3,2_1_p,2,20,False,1_2-2_1-3_wt,0,96,4,,0,0,1,True,False,0,96,1,
1.5,MAON-mut-bk,C1,MAON-pcr2,C3,3_1_p,2,18,False,1_2-2_wt-3_1,0,96,2,,0,0,2,True,False,0,96,2,
1.5,MAON-mut-bk,A1,MAON-pcr2,A3,1_1_p,2,16,False,1_1-2_2-3_1,0,96,0,,0,0,0,True,False,0,96,0,
1.5,MAON-mut-bk,B1,MAON-pcr2,F3,2_1_p,2,21,False,1_2-2_1-3_1,0,96,5,,0,0,1,True,False,0,96,1,
1.5,MAON-mut-bk,C1,MAON-pcr2,F3,3_1_p,2,21,False,1_2-2_1-3_1,0,96,5,,0,0,2,True,False,0,96,2,
1.5,MAON-wt-bk,A1,MAON-pcr2,A1,1_wt_p,0,0,False,1_wt-2_wt-3_wt,0,96,0,,0,0,0,True,False,0,96,0,
1.5,MAON-wt-bk,B1,MAON-pcr2,A1,2_wt_p,0,0,False,1_wt-2_wt-3_wt,0,96,0,,0,0,1,True,False,0,96,1,
1.5,MAON-wt-bk,C1,MAON-pcr2,A1,3_wt_p,0,0,False,1_wt-2_wt-3_wt,0,96,0,,0,0,2,True,False,0,96,2,
1.5,MAON-wt-bk,A1,MAON-pcr2,B1,1_wt_p,0,1,False,1_wt-2_wt-3_1,0,96,1,,0,0,0,True,False,0,96,0,
1.5,MAON-wt-bk,B1,MAON-pcr2,B1,2_wt_p,0,1,False,1_wt-2_wt-3_1,0,96,1,,0,0,1,True,False,0,96,1,
1.5,MAON-wt-bk,C1,MAON-pcr2,D1,3_wt_p,0,3,False,1_wt-2_1-3_wt,0,96,3,,0,0,2,True,False,0,96,2,
1.5,MAON-wt-bk,A1,MAON-pcr2,C1,1_wt_p,0,2,False,1_wt-2_wt-3_2,0,96,2,,0,0,0,True,False,0,96,0,
1.5,MAON-wt-bk,B1,MAON-pcr2,C1,2_wt_p,0,2,False,1_wt-2_wt-3_2,0,96,2,,0,0,1,True,False,0,96,1,
1.5,MAON-wt-bk,C1,MAON-pcr2,G1,3_wt_p,0,6,False,1_wt-2_2-3_wt,0,96,6,,0,0,2,True,False,0,96,2,
1.5,MAON-wt-bk,A1,MAON-pcr2,D1,1_wt_p,0,3,False,1_wt-2_1-3_wt,0,96,3,,0,0,0,True,False,0,96,0,
1.5,MAON-wt-bk,B1,MAON-pcr2,B2,2_wt_p,1,9,False,1_1-2_wt-3_wt,0,96,1,,0,0,1,True,False,0,96,1,
1.5,MAON-wt-bk,C1,MAON-pcr2,B2,3_wt_p,1,9,False,1_1-2_wt-3_wt,0,96,1,,0,0,2,True,False,0,96,2,
1.5,MAON-wt-bk,A1,MAON-pcr2,E1,1_wt_p,0,4,False,1_wt-2_1-3_1,0,96,4,,0,0,0,True,False,0,96,0,
1.5,MAON-wt-bk,B1,MAON-pcr2,C2,2_wt_p,1,10,False,1_1-2_wt-3_1,0,96,2,,0,0,1,True,False,0,96,1,
1.5,MAON-wt-bk,C1,MAON-pcr2,E2,3_wt_p,1,12,False,1_1-2_1-3_wt,0,96,4,,0,0,2,True,False,0,96,2,
1.5,MAON-wt-bk,A1,MAON-pcr2,F1,1_wt_p,0,5,False,1_wt-2_1-3_2,0,96,5,,0,0,0,True,False,0,96,0,
1.5,MAON-wt-bk,B1,MAON-pcr2,D2,2_wt_p,1,11,False,1_1-2_wt-3_2,0,96,3,,0,0,1,True,False,0,96,1,
1.5,MAON-wt-bk,C1,MAON-pcr2,H2,3_wt_p,1,15,False,1_1-2_2-3_wt,0,96,7,,0,0,2,True,False,0,96,2,
1.5,MAON-wt-bk,A1,MAON-pcr2,G1,1_wt_p,0,6,False,1_wt-2_2-3_wt,0,96,6,,0,0,0,True,False,0,96,0,
1.5,MAON-wt-bk,B1,MAON-pcr2,B3,2_wt_p,2,17,False,1_2-2_wt-3_wt,0,96,1,,0,0,1,True,False,0,96,1,
1.5,MAON-wt-bk,C1,MAON-pcr2,B3,3_wt_p,2,17,False,1_2-2_wt-3_wt,0,96,1,,0,0,2,True,False,0,96,2,
1.5,MAON-wt-bk,A1,MAON-pcr2,H1,1_wt_p,0,7,False,1_wt-2_2-3_1,0,96,7,,0,0,0,True,False,0,96,0,
1.5,MAON-wt-bk,B1,MAON-pcr2,C3,2_wt_p,2,18,False,1_2-2_wt-3_1,0,96,2,,0,0,1,True,False,0,96,1,
1.5,MAON-wt-bk,C1,MAON-pcr2,E3,3_wt_p,2,20,False,1_2-2_1-3_wt,0,96,4,,0,0,2,True,False,0,96,2,
1.5,MAON-wt-bk,A1,MAON-pcr2,A2,1_wt_p,1,8,False,1_wt-2_2-3_2,0,96,0,,0,0,0,True,False,0,96,0,
1.5,MAON-wt-bk,B1,MAON-pcr2,D3,2_wt_p,2,19,False,1_2-2_wt-3_2,0,96,3,,0,0,1,True,False,0,96,1,
1.5,MAON-wt-bk,C1,MAON-pcr2,G3,3_wt_p,2,22,False,1_2-2_2-3_wt,0,96,6,,0,0,2,True,False,0,96,2,
1.5,MAON-wt-dil,D4,MAON-pcr2,A1,28_dil,0,0,False,1_wt-2_wt-3_wt,0,96,0,,0,3,27,True,False,0,96,3,
1.5,MAON-wt-dil,E4,MAON-pcr2,A1,5-primer_dil,0,0,False,1_wt-2_wt-3_wt,0,96,0,,0,3,28,True,False,0,96,4,
1.5,MAON-wt-dil,D4,MAON-pcr2,B1,28_dil,0,1,False,1_wt-2_wt-3_1,0,96,1,,0,3,27,True,False,0,96,3,
1.5,MAON-wt-dil,E4,MAON-pcr2,B1,5-primer_dil,0,1,False,1_wt-2_wt-3_1,0,96,1,,0,3,28,True,False,0,96,4,
1.5,MAON-wt-dil,D4,MAON-pcr2,C1,28_dil,0,2,False,1_wt-2_wt-3_2,0,96,2,,0,3,27,True,False,0,96,3,
1.5,MAON-wt-dil,E4,MAON-pcr2,C1,5-primer_dil,0,2,False,1_wt-2_wt-3_2,0,96,2,,0,3,28,True,False,0,96,4,
1.5,MAON-wt-dil,D4,MAON-pcr2,D1,28_dil,0,3,False,1_wt-2_1-3_wt,0,96,3,,0,3,27,True,False,0,96,3,
1.5,MAON-wt-dil,E4,MAON-pcr2,D1,5-primer_dil,0,3,False,1_wt-2_1-3_wt,0,96,3,,0,3,28,True,False,0,96,4,
1.5,MAON-wt-dil,D4,MAON-pcr2,E1,28_dil,0,4,False,1_wt-2_1-3_1,0,96,4,,0,3,27,True,False,0,96,3,
1.5,MAON-wt-dil,E4,MAON-pcr2,E1,5-primer_dil,0,4,False,1_wt-2_1-3_1,0,96,4,,0,3,28,True,False,0,96,4,
1.5,MAON-wt-dil,D4,MAON-pcr2,F1,28_dil,0,5,False,1_wt-2_1-3_2,0,96,5,,0,3,27,True,False,0,96,3,
1.5,MAON-wt-dil,E4,MAON-pcr2,F1,5-primer_dil,0,5,False,1_wt-2_1-3_2,0,96,5,,0,3,28,True,False,0,96,4,
1.5,MAON-wt-dil,D4,MAON-pcr2,G1,28_dil,0,6,False,1_wt-2_2-3_wt,0,96,6,,0,3,27,True,False,0,96,3,
1.5,MAON-wt-dil,E4,MAON-pcr2,G1,5-primer_dil,0,6,False,1_wt-2_2-3_wt,0,96,6,,0,3,28,True,False,0,96,4,
1.5,MAON-wt-dil,D4,MAON-pcr2,H1,28_dil,0,7,False,1_wt-2_2-3_1,0,96,7,,0,3,27,True,False,0,96,3,
1.5,MAON-wt-dil,E4,MAON-pcr2,H1,5-primer_dil,0,7,False,1_wt-2_2-3_1,0,96,7,,0,3,28,True,False,0,96,4,
1.5,MAON-wt-dil,D4,MAON-pcr2,A2,28_dil,1,8,False,1_wt-2_2-3_2,0,96,0,,0,3,27,True,False,0,96,3,
1.5,MAON-wt-dil,E4,MAON-pcr2,A2,5-primer_dil,1,8,False,1_wt-2_2-3_2,0,96,0,,0,3,28,True,False,0,96,4,
1.5,MAON-wt-dil,D4,MAON-pcr2,B2,28_dil,1,9,False,1_1-2_wt-3_wt,0,96,1,,0,3,27,True,False,0,96,3,
1.5,MAON-wt-dil,E4,MAON-pcr2,B2,5-primer_dil,1,9,False,1_1-2_wt-3_wt,0,96,1,,0,3,28,True,False,0,96,4,
1.5,MAON-wt-dil,D4,MAON-pcr2,C2,28_dil,1,10,False,1_1-2_wt-3_1,0,96,2,,0,3,27,True,False,0,96,3,
1.5,MAON-wt-dil,E4,MAON-pcr2,C2,5-primer_dil,1,10,False,1_1-2_wt-3_1,0,96,2,,0,3,28,True,False,0,96,4,
1.5,MAON-wt-dil,D4,MAON-pcr2,D2,28_dil,1,11,False,1_1-2_wt-3_2,0,96,3,,0,3,27,True,False,0,96,3,
1.5,MAON-wt-dil,E4,MAON-pcr2,D2,5-primer_dil,1,11,False,1_1-2_wt-3_2,0,96,3,,0,3,28,True,False,0,96,4,
1.5,MAON-wt-dil,D4,MAON-pcr2,E2,28_dil,1,12,False,1_1-2_1-3_wt,0,96,4,,0,3,27,True,False,0,96,3,
1.5,MAON-wt-dil,E4,MAON-pcr2,E2,5-primer_dil,1,12,False,1_1-2_1-3_wt,0,96,4,,0,3,28,True,False,0,96,4,
1.5,MAON-wt-dil,D4,MAON-pcr2,F2,28_dil,1,13,False,1_1-2_1-3_1,0,96,5,,0,3,27,True,False,0,96,3,
1.5,MAON-wt-dil,E4,MAON-pcr2,F2,5-primer_dil,1,13,False,1_1-2_1-3_1,0,96,5,,0,3,28,True,False,0,96,4,
1.5,MAON-wt-dil,D4,MAON-pcr2,G2,28_dil,1,14,False,1_1-2_1-3_2,0,96,6,,0,3,27,True,False,0,96,3,
1.5,MAON-wt-dil,E4,MAON-pcr2,G2,5-primer_dil,1,14,False,1_1-2_1-3_2,0,96,6,,0,3,28,True,False,0,96,4,
1.5,MAON-wt-dil,D4,MAON-pcr2,H2,28_dil,1,15,False,1_1-2_2-3_wt,0,96,7,,0,3,27,True,False,0,96,3,
1.5,MAON-wt-dil,E4,MAON-pcr2,H2,5-primer_dil,1,15,False,1_1-2_2-3_wt,0,96,7,,0,3,28,True,False,0,96,4,
1.5,MAON-wt-dil,D4,MAON-pcr2,A3,28_dil,2,16,False,1_1-2_2-3_1,0,96,0,,0,3,27,True,False,0,96,3,
1.5,MAON-wt-dil,E4,MAON-pcr2,A3,5-primer_dil,2,16,False,1_1-2_2-3_1,0,96,0,,0,3,28,True,False,0,96,4,
1.5,MAON-wt-dil,D4,MAON-pcr2,B3,28_dil,2,17,False,1_2-2_wt-3_wt,0,96,1,,0,3,27,True,False,0,96,3,
1.5,MAON-wt-dil,E4,MAON-pcr2,B3,5-primer_dil,2,17,False,1_2-2_wt-3_wt,0,96,1,,0,3,28,True,False,0,96,4,
1.5,MAON-wt-dil,D4,MAON-pcr2,C3,28_dil,2,18,False,1_2-2_wt-3_1,0,96,2,,0,3,27,True,False,0,96,3,
1.5,MAON-wt-dil,E4,MAON-pcr2,C3,5-primer_dil,2,18,False,1_2-2_wt-3_1,0,96,2,,0,3,28,True,False,0,96,4,
1.5,MAON-wt-dil,D4,MAON-pcr2,D3,28_dil,2,19,False,1_2-2_wt-3_2,0,96,3,,0,3,27,True,False,0,96,3,
1.5,MAON-wt-dil,E4,MAON-pcr2,D3,5-primer_dil,2,19,False,1_2-2_wt-3_2,0,96,3,,0,3,28,True,False,0,96,4,
1.5,MAON-wt-dil,D4,MAON-pcr2,E3,28_dil,2,20,False,1_2-2_1-3_wt,0,96,4,,0,3,27,True,False,0,96,3,
1.5,MAON-wt-dil,E4,MAON-pcr2,E3,5-primer_dil,2,20,False,1_2-2_1-3_wt,0,96,4,,0,3,28,True,False,0,96,4,
1.5,MAON-wt-dil,D4,MAON-pcr2,F3,28_dil,2,21,False,1_2-2_1-3_1,0,96,5,,0,3,27,True,False,0,96,3,
1.5,MAON-wt-dil,E4,MAON-pcr2,F3,5-primer_dil,2,21,False,1_2-2_1-3_1,0,96,5,,0,3,28,True,False,0,96,4,
1.5,MAON-wt-dil,D4,MAON-pcr2,G3,28_dil,2,22,False,1_2-2_2-3_wt,0,96,6,,0,3,27,True,False,0,96,3,
1.5,MAON-wt-dil,E4,MAON-pcr2,G3,5-primer_dil,2,22,False,1_2-2_2-3_wt,0,96,6,,0,3,28,True,False,0,96,4,
